Customer_ID,Last_Order_Date,Frequency,Monetary,Recency,Customer_Name,Age,Gender,City,R_Score,F_Score,M_Score,RFM_Segment
CUST1004,2025-02-24,1,8321.54,312,Customer_191,64,Female,Bengaluru,1,1,1,Lost / Low-Value
CUST1017,2025-04-16,1,264230.68,261,Customer_387,42,Female,Pune,2,1,5,At Risk
CUST1026,2025-09-29,1,164965.29,95,Customer_445,65,Female,Kolkata,4,1,4,Champions
CUST1032,2025-04-28,1,146990.9,249,Customer_20,22,Female,Pune,2,1,4,At Risk
CUST1038,2025-05-06,1,37068.4,241,Customer_454,32,Male,Patna,2,1,1,Lost / Low-Value
CUST1049,2025-03-09,1,16714.64,299,Customer_243,55,Female,Hyderabad,1,1,1,Lost / Low-Value
CUST1088,2025-08-27,1,203819.75,128,Customer_1,40,Male,Patna,4,1,4,Champions
CUST1090,2025-12-31,1,5263.79,2,Customer_316,45,Female,Unknown,5,1,1,New Customers
CUST1094,2025-06-20,1,211945.9,196,Customer_91,31,Female,Patna,3,1,4,Loyal Customers
CUST1104,2025-04-02,1,90746.36,275,Customer_328,64,Female,Hyderabad,2,1,3,Average Spenders
CUST1106,2025-03-10,1,51838.36,298,Customer_135,31,Male,Patna,1,1,2,Lost / Low-Value
CUST1113,2025-03-05,1,181063.26,303,Customer_104,33,Female,Gaya,1,1,4,At Risk
CUST1122,2025-11-10,1,122431.8,53,Customer_447,65,Female,Kolkata,5,1,3,Loyal Customers
CUST1124,2025-06-08,1,362370.56,208,Customer_360,18,Female,Patna,3,1,5,Loyal Customers
CUST1149,2025-09-17,1,340749.52,107,Customer_14,40,Female,Hyderabad,4,1,5,Champions
CUST1159,2025-11-22,1,82567.7,41,Customer_492,30,Male,Pune,5,1,2,New Customers
CUST1170,2025-02-24,1,103361.36,312,Customer_67,37,Male,Mumbai,1,1,3,Average Spenders
CUST1175,2025-01-07,1,113673.3,360,Customer_472,20,Female,Gaya,1,1,3,Average Spenders
CUST1183,2025-07-06,1,49324.8,180,Customer_189,20,Female,Gaya,3,1,2,Average Spenders
CUST1189,2025-08-30,1,36307.74,125,Customer_490,39,Female,Pune,4,1,1,New Customers
CUST1197,2025-02-12,1,5944.12,324,Customer_419,36,Male,Pune,1,1,1,Lost / Low-Value
CUST1215,2025-01-26,1,10367.0,341,Customer_19,35,Male,Gaya,1,1,1,Lost / Low-Value
CUST1231,2026-01-01,1,187087.76,1,Customer_339,53,Male,Patna,5,1,4,Champions
CUST1246,2025-12-17,1,2094.36,16,Customer_165,59,Female,Kolkata,5,1,1,New Customers
CUST1252,2025-03-02,1,112029.57,306,Customer_81,24,Male,Pune,1,1,3,Average Spenders
CUST1253,2025-05-31,1,87892.59,216,Customer_334,32,Female,Gaya,2,1,3,Average Spenders
CUST1256,2025-06-16,1,242289.7,200,Customer_279,34,Male,Kolkata,3,1,5,Loyal Customers
CUST1258,2025-05-18,1,47389.09,229,Customer_443,40,Male,Hyderabad,2,1,2,Lost / Low-Value
CUST1269,2025-06-30,1,80421.12,186,Customer_423,22,Female,Gaya,3,1,2,Average Spenders
CUST1284,2025-02-28,1,105461.08,308,Customer_375,31,Male,Bengaluru,1,1,3,Average Spenders
CUST1312,2025-04-16,1,144194.72,261,Customer_40,30,Male,Kolkata,2,1,4,At Risk
CUST1316,2025-05-12,1,16249.69,235,Customer_3,37,Female,Delhi,2,1,1,Lost / Low-Value
CUST1334,2025-11-07,1,34200.58,56,Customer_364,31,Male,Kolkata,5,1,1,New Customers
CUST1339,2025-07-31,1,203324.1,155,Customer_107,54,Male,Kolkata,3,1,4,Loyal Customers
CUST1357,2025-02-13,1,195601.44,323,Customer_361,48,Male,Delhi,1,1,4,At Risk
CUST1367,2025-05-04,1,43529.29,243,Customer_48,21,Female,Bengaluru,2,1,2,Lost / Low-Value
CUST1396,2025-08-12,1,21572.48,143,Customer_479,34,Male,Pune,4,1,1,New Customers
CUST1399,2025-01-28,1,74022.24,339,Customer_431,60,Male,Gaya,1,1,2,Lost / Low-Value
CUST1401,2025-10-02,1,254734.06,92,Customer_151,35,Male,Delhi,4,1,5,Champions
CUST1406,2025-11-23,1,315765.0,40,Customer_499,52,Male,Gaya,5,1,5,Champions
CUST1419,2025-06-12,1,54878.34,204,Customer_226,28,Male,Mumbai,3,1,2,Average Spenders
CUST1433,2025-12-04,1,108470.6,29,Customer_391,47,Female,Mumbai,5,1,3,Loyal Customers
CUST1436,2025-11-27,1,19590.5,36,Customer_144,60,Female,Delhi,5,1,1,New Customers
CUST1442,2025-03-16,1,27918.98,292,Customer_371,22,Female,Pune,1,1,1,Lost / Low-Value
CUST1443,2025-12-07,1,25336.7,26,Customer_315,37,Female,Unknown,5,1,1,New Customers
CUST1452,2025-02-13,1,266207.48,323,Customer_68,62,Female,Hyderabad,1,1,5,At Risk
CUST1453,2025-05-05,1,42816.6,242,Customer_60,51,Male,Gaya,2,1,2,Lost / Low-Value
CUST1463,2025-08-19,2,173654.34000000003,136,Customer_397,21,Female,Bengaluru,4,3,4,Champions
CUST1468,2025-07-07,1,359775.2,179,Customer_266,49,Female,Kolkata,3,1,5,Loyal Customers
CUST1479,2025-08-06,1,317305.7,149,Customer_375,35,Female,Bengaluru,3,1,5,Loyal Customers
CUST1481,2025-10-15,1,78764.8,79,Customer_40,40,Female,Patna,4,1,2,New Customers
CUST1516,2025-05-07,1,199641.96,240,Customer_148,52,Male,Mumbai,2,1,4,At Risk
CUST1528,2025-03-21,1,48389.92,287,Customer_170,46,Male,Patna,2,1,2,Lost / Low-Value
CUST1557,2025-02-27,1,123371.82,309,Customer_87,39,Female,Mumbai,1,1,3,Average Spenders
CUST1565,2025-10-22,1,80289.8,72,Customer_353,27,Female,Delhi,4,1,2,New Customers
CUST1577,2025-02-16,1,36943.51,320,Customer_59,37,Male,Delhi,1,1,1,Lost / Low-Value
CUST1603,2025-03-16,1,136560.28,292,Customer_434,37,Female,Mumbai,1,1,3,Average Spenders
CUST1611,2025-11-05,1,46050.0,58,Customer_451,49,Male,Patna,5,1,2,New Customers
CUST1614,2025-02-13,1,74620.36,323,Customer_267,52,Female,Bengaluru,1,1,2,Lost / Low-Value
CUST1616,2025-08-24,1,99704.97,131,Customer_288,44,Female,Delhi,4,1,3,Loyal Customers
CUST1618,2025-09-27,1,158916.6,97,Customer_166,41,Male,Patna,4,1,4,Champions
CUST1636,2025-09-14,1,52698.94,110,Customer_243,63,Female,Patna,4,1,2,New Customers
CUST1637,2025-12-20,1,20669.3,13,Customer_70,59,Male,Patna,5,1,1,New Customers
CUST1658,2025-06-04,1,193777.92,212,Customer_324,52,Male,Hyderabad,3,1,4,Loyal Customers
CUST1662,2025-08-01,1,96526.71,154,Customer_365,31,Female,Pune,3,1,3,Loyal Customers
CUST1673,2025-07-20,1,175604.15,166,Customer_103,18,Male,Gaya,3,1,4,Loyal Customers
CUST1681,2025-07-16,1,140328.85,170,Customer_160,60,Male,Delhi,3,1,3,Loyal Customers
CUST1691,2025-10-08,1,14209.86,86,Customer_177,55,Male,Mumbai,4,1,1,New Customers
CUST1710,2025-09-17,1,440456.6,107,Customer_355,46,Female,Hyderabad,4,1,5,Champions
CUST1711,2025-07-13,1,490866.4,173,Customer_36,20,Female,Bengaluru,3,1,5,Loyal Customers
CUST1713,2025-08-08,1,31739.18,147,Customer_457,27,Female,Bengaluru,3,1,1,Average Spenders
CUST1743,2025-09-08,1,161107.04,116,Customer_222,56,Male,Hyderabad,4,1,4,Champions
CUST1753,2025-05-21,1,3239.94,226,Customer_493,58,Female,Hyderabad,2,1,1,Lost / Low-Value
CUST1758,2025-10-14,1,299985.18,80,Customer_335,61,Male,Patna,4,1,5,Champions
CUST1759,2025-08-13,1,109150.3,142,Customer_71,64,Female,Delhi,4,1,3,Loyal Customers
CUST1762,2025-07-29,1,123899.8,157,Customer_141,27,Male,Delhi,3,1,3,Loyal Customers
CUST1764,2025-12-23,1,51751.06,10,Customer_47,24,Male,Hyderabad,5,1,2,New Customers
CUST1766,2025-03-05,1,7119.05,303,Customer_319,27,Male,Kolkata,1,1,1,Lost / Low-Value
CUST1779,2025-06-03,1,166613.7,213,Customer_378,65,Female,Delhi,3,1,4,Loyal Customers
CUST1780,2025-05-31,1,105473.12,216,Customer_250,64,Male,Hyderabad,2,1,3,Average Spenders
CUST1790,2025-03-31,1,12225.22,277,Customer_12,43,Male,Hyderabad,2,1,1,Lost / Low-Value
CUST1806,2025-06-07,1,64332.45,209,Customer_354,58,Male,Patna,3,1,2,Average Spenders
CUST1808,2025-10-21,1,218701.12,73,Customer_150,56,Male,Patna,4,1,4,Champions
CUST1822,2025-10-07,1,121853.1,87,Customer_174,39,Male,Kolkata,4,1,3,Loyal Customers
CUST1833,2025-12-28,1,111006.18,5,Customer_357,63,Male,Gaya,5,1,3,Loyal Customers
CUST1835,2025-12-25,1,64865.3,8,Customer_81,61,Female,Gaya,5,1,2,New Customers
CUST1840,2025-01-01,1,23787.6,366,Customer_90,43,Female,Kolkata,1,1,1,Lost / Low-Value
CUST1841,2025-02-23,1,82193.5,313,Customer_129,45,Male,Kolkata,1,1,2,Lost / Low-Value
CUST1887,2025-09-26,1,277415.76,98,Customer_209,21,Male,Hyderabad,4,1,5,Champions
CUST1890,2025-03-25,1,129500.85,283,Customer_277,21,Male,Gaya,2,1,3,Average Spenders
CUST1906,2025-12-01,1,40714.7,32,Customer_76,36,Male,Hyderabad,5,1,2,New Customers
CUST1928,2025-06-26,1,340497.71,190,Customer_17,30,Female,Mumbai,3,1,5,Loyal Customers
CUST1932,2025-09-20,1,7741.12,104,Customer_369,35,Male,Delhi,4,1,1,New Customers
CUST1936,2025-03-07,1,130702.11,301,Customer_15,59,Male,Delhi,1,1,3,Average Spenders
CUST1940,2025-08-22,1,163606.7,133,Customer_40,48,Male,Gaya,4,1,4,Champions
CUST1956,2025-12-27,1,110614.05,6,Customer_317,22,Female,Bengaluru,5,1,3,Loyal Customers
CUST1960,2025-06-04,1,285213.69,212,Customer_367,44,Male,Kolkata,3,1,5,Loyal Customers
CUST1962,2025-03-17,1,55802.3,291,Customer_116,23,Male,Delhi,1,1,2,Lost / Low-Value
CUST1987,2025-12-29,1,58568.76,4,Customer_35,24,Male,Kolkata,5,1,2,New Customers
CUST1991,2025-06-04,1,126402.03,212,Customer_359,41,Female,Kolkata,3,1,3,Loyal Customers
CUST1994,2025-12-26,2,238881.24,7,Customer_390,48,Male,Pune,5,3,4,Champions
CUST1997,2025-11-06,2,136106.62,57,Customer_219,29,Female,Patna,5,3,3,Loyal Customers
CUST2003,2025-08-01,1,47674.82,154,Customer_48,35,Female,Mumbai,3,1,2,Average Spenders
CUST2006,2025-04-16,1,3310.72,261,Customer_131,50,Male,Kolkata,2,1,1,Lost / Low-Value
CUST2025,2025-11-01,1,98774.4,62,Customer_239,37,Female,Delhi,5,1,3,Loyal Customers
CUST2027,2025-06-02,1,121322.16,214,Customer_458,32,Male,Gaya,3,1,3,Loyal Customers
CUST2031,2025-02-08,1,34616.52,328,Customer_309,45,Female,Gaya,1,1,1,Lost / Low-Value
CUST2039,2025-02-24,1,231048.23,312,Customer_32,31,Male,Mumbai,1,1,4,At Risk
CUST2051,2025-02-09,1,109237.86,327,Customer_103,31,Male,Bengaluru,1,1,3,Average Spenders
CUST2062,2025-09-09,1,493677.5,115,Customer_254,58,Male,Patna,4,1,5,Champions
CUST2079,2025-10-26,1,323841.07,68,Customer_35,44,Male,Mumbai,5,1,5,Champions
CUST2088,2025-04-27,1,24428.2,250,Customer_382,65,Female,Hyderabad,2,1,1,Lost / Low-Value
CUST2093,2025-04-29,1,121791.05,248,Customer_428,38,Female,Mumbai,2,1,3,Average Spenders
CUST2094,2025-07-20,1,113543.48,166,Customer_165,54,Female,Hyderabad,3,1,3,Loyal Customers
CUST2126,2025-04-14,1,21819.5,263,Customer_385,34,Male,Patna,2,1,1,Lost / Low-Value
CUST2137,2025-04-05,1,91115.3,272,Customer_57,40,Female,Mumbai,2,1,3,Average Spenders
CUST2138,2025-03-09,1,137878.74,299,Customer_303,42,Female,Gaya,1,1,3,Average Spenders
CUST2152,2025-09-13,1,96867.4,111,Customer_99,63,Female,Bengaluru,4,1,3,Loyal Customers
CUST2157,2025-03-30,1,86397.04,278,Customer_31,58,Male,Unknown,2,1,2,Lost / Low-Value
CUST2181,2025-09-22,1,22401.12,102,Customer_125,41,Female,Bengaluru,4,1,1,New Customers
CUST2190,2025-05-31,1,75639.4,216,Customer_318,38,Male,Hyderabad,2,1,2,Lost / Low-Value
CUST2202,2025-07-20,1,80260.42,166,Customer_26,26,Female,Patna,3,1,2,Average Spenders
CUST2218,2025-05-26,1,63231.28,221,Customer_392,57,Male,Delhi,2,1,2,Lost / Low-Value
CUST2231,2025-05-12,1,1144.78,235,Customer_38,51,Male,Delhi,2,1,1,Lost / Low-Value
CUST2236,2025-07-22,1,26010.12,164,Customer_173,64,Male,Pune,3,1,1,Average Spenders
CUST2242,2025-11-24,1,349767.9,39,Customer_331,53,Female,Delhi,5,1,5,Champions
CUST2256,2025-02-20,1,115969.35,316,Customer_284,50,Male,Hyderabad,1,1,3,Average Spenders
CUST2260,2025-01-31,1,11539.95,336,Customer_325,54,Male,Kolkata,1,1,1,Lost / Low-Value
CUST2286,2025-12-22,1,36304.28,11,Customer_298,39,Female,Patna,5,1,1,New Customers
CUST2290,2025-03-17,1,48677.96,291,Customer_195,56,Male,Mumbai,1,1,2,Lost / Low-Value
CUST2295,2025-11-04,1,238983.9,59,Customer_319,57,Male,Mumbai,5,1,4,Champions
CUST2343,2026-01-01,1,98080.92,1,Customer_39,28,Male,Patna,5,1,3,Loyal Customers
CUST2345,2025-09-09,1,224371.6,115,Customer_302,48,Male,Bengaluru,4,1,4,Champions
CUST2350,2025-11-08,1,101171.88,55,Customer_205,46,Male,Pune,5,1,3,Loyal Customers
CUST2364,2025-07-22,1,83149.52,164,Customer_290,34,Female,Hyderabad,3,1,2,Average Spenders
CUST2369,2025-07-29,1,64307.52,157,Customer_259,56,Male,Mumbai,3,1,2,Average Spenders
CUST2378,2025-07-08,1,19026.35,178,Customer_95,53,Male,Hyderabad,3,1,1,Average Spenders
CUST2384,2025-02-10,1,30394.74,326,Customer_365,49,Male,Gaya,1,1,1,Lost / Low-Value
CUST2394,2025-06-30,1,299334.78,186,Customer_293,27,Male,Patna,3,1,5,Loyal Customers
CUST2403,2025-05-17,1,237978.32,230,Customer_258,22,Male,Pune,2,1,4,At Risk
CUST2411,2025-01-15,1,184045.4,352,Customer_292,47,Female,Mumbai,1,1,4,At Risk
CUST2418,2025-10-18,1,93055.86,76,Customer_425,57,Male,Gaya,4,1,3,Loyal Customers
CUST2423,2025-11-20,1,113778.84,43,Customer_376,23,Male,Hyderabad,5,1,3,Loyal Customers
CUST2428,2025-12-16,1,48123.87,17,Customer_127,52,Female,Mumbai,5,1,2,New Customers
CUST2448,2025-02-26,1,148803.66,310,Customer_444,59,Female,Kolkata,1,1,4,At Risk
CUST2457,2025-01-30,1,43633.34,337,Customer_462,51,Male,Kolkata,1,1,2,Lost / Low-Value
CUST2463,2025-04-04,1,248328.55,273,Customer_390,25,Male,Bengaluru,2,1,5,At Risk
CUST2480,2025-03-12,1,20740.93,296,Customer_491,59,Female,Gaya,1,1,1,Lost / Low-Value
CUST2482,2025-04-10,1,354730.14,267,Customer_183,65,Male,Mumbai,2,1,5,At Risk
CUST2515,2025-12-09,3,431192.86,24,Customer_219,21,Male,Hyderabad,5,5,5,Champions
CUST2520,2025-01-11,1,141401.85,356,Customer_93,34,Female,Kolkata,1,1,3,Average Spenders
CUST2537,2025-05-27,1,1005.21,220,Customer_32,30,Female,Bengaluru,2,1,1,Lost / Low-Value
CUST2542,2025-11-05,1,431463.9,58,Customer_219,43,Male,Hyderabad,5,1,5,Champions
CUST2551,2025-01-30,1,61673.9,337,Customer_343,19,Male,Patna,1,1,2,Lost / Low-Value
CUST2562,2025-10-22,1,437.34,72,Customer_280,65,Male,Bengaluru,4,1,1,New Customers
CUST2565,2025-08-25,1,146098.6,130,Customer_360,52,Female,Hyderabad,4,1,4,Champions
CUST2586,2025-07-27,1,84954.25,159,Customer_386,64,Male,Pune,3,1,2,Average Spenders
CUST2589,2025-07-13,1,84392.92,173,Customer_426,49,Male,Delhi,3,1,2,Average Spenders
CUST2597,2025-08-03,1,287434.35,152,Customer_354,22,Male,Kolkata,3,1,5,Loyal Customers
CUST2599,2025-02-24,1,134115.7,312,Customer_390,35,Male,Mumbai,1,1,3,Average Spenders
CUST2604,2025-01-24,1,51372.25,343,Customer_356,40,Male,Kolkata,1,1,2,Lost / Low-Value
CUST2632,2025-01-07,1,67601.66,360,Customer_321,56,Male,Kolkata,1,1,2,Lost / Low-Value
CUST2644,2025-07-06,1,175457.4,180,Customer_222,24,Male,Pune,3,1,4,Loyal Customers
CUST2650,2025-08-15,1,162226.4,140,Customer_276,56,Female,Kolkata,4,1,4,Champions
CUST2661,2025-02-12,1,252904.44,324,Customer_370,41,Male,Delhi,1,1,5,At Risk
CUST2669,2025-02-07,1,359291.92,329,Customer_151,46,Male,Bengaluru,1,1,5,At Risk
CUST2671,2025-03-23,1,23398.57,285,Customer_58,52,Male,Delhi,2,1,1,Lost / Low-Value
CUST2672,2025-07-04,1,191186.12,182,Customer_324,27,Female,Pune,3,1,4,Loyal Customers
CUST2680,2025-07-30,1,124790.55,156,Customer_90,65,Female,Patna,3,1,3,Loyal Customers
CUST2687,2025-10-23,1,49496.16,71,Customer_190,64,Female,Hyderabad,4,1,2,New Customers
CUST2690,2025-11-16,1,66608.34,47,Customer_11,26,Male,Delhi,5,1,2,New Customers
CUST2697,2025-08-08,1,83144.7,147,Customer_155,49,Male,Hyderabad,3,1,2,Average Spenders
CUST2705,2025-10-25,1,124270.25,69,Customer_117,55,Male,Kolkata,4,1,3,Loyal Customers
CUST2708,2025-03-21,1,189759.6,287,Customer_57,52,Male,Delhi,2,1,4,At Risk
CUST2714,2025-04-23,1,202444.83,254,Customer_98,58,Female,Gaya,2,1,4,At Risk
CUST2742,2025-04-05,1,107330.05,272,Customer_216,22,Female,Delhi,2,1,3,Average Spenders
CUST2744,2025-04-23,1,76084.8,254,Customer_300,28,Male,Bengaluru,2,1,2,Lost / Low-Value
CUST2757,2025-12-23,1,64048.05,10,Customer_366,55,Male,Patna,5,1,2,New Customers
CUST2777,2025-02-28,1,174736.89,308,Customer_417,49,Male,Gaya,1,1,4,At Risk
CUST2779,2025-12-23,1,178648.82,10,Customer_336,44,Female,Patna,5,1,4,Champions
CUST2791,2025-12-07,1,246944.64,26,Customer_20,58,Female,Bengaluru,5,1,5,Champions
CUST2793,2025-09-23,1,115263.96,101,Customer_462,32,Female,Gaya,4,1,3,Loyal Customers
CUST2794,2025-12-18,2,284872.06,15,Customer_98,31,Female,Patna,5,3,5,Champions
CUST2796,2025-09-18,1,147307.52,106,Customer_471,29,Male,Patna,4,1,4,Champions
CUST2804,2025-04-03,1,90508.14,274,Customer_115,32,Female,Pune,2,1,3,Average Spenders
CUST2812,2025-05-29,1,767.61,218,Customer_249,55,Male,Gaya,2,1,1,Lost / Low-Value
CUST2827,2025-08-01,1,84805.75,154,Customer_287,35,Male,Hyderabad,3,1,2,Average Spenders
CUST2832,2025-02-13,1,162512.76,323,Customer_204,22,Male,Pune,1,1,4,At Risk
CUST2834,2025-04-12,1,270821.34,265,Customer_98,41,Male,Kolkata,2,1,5,At Risk
CUST2835,2025-06-26,1,65413.26,190,Customer_468,41,Male,Kolkata,3,1,2,Average Spenders
CUST2836,2025-11-07,1,144754.88,56,Customer_434,46,Female,Patna,5,1,4,Champions
CUST2859,2025-12-11,1,161565.2,22,Customer_395,21,Female,Kolkata,5,1,4,Champions
CUST2862,2025-09-21,1,74724.16,103,Customer_122,25,Male,Bengaluru,4,1,2,New Customers
CUST2863,2025-02-10,1,132772.22,326,Customer_375,34,Female,Patna,1,1,3,Average Spenders
CUST2867,2025-12-27,1,257759.6,6,Customer_221,61,Male,Hyderabad,5,1,5,Champions
CUST2870,2025-10-15,2,211801.52,79,Customer_311,25,Female,Unknown,4,3,4,Champions
CUST2871,2025-09-18,1,147500.76,106,Customer_8,33,Female,Delhi,4,1,4,Champions
CUST2903,2025-10-04,1,107774.59,90,Customer_122,31,Female,Mumbai,4,1,3,Loyal Customers
CUST2904,2025-08-13,1,412680.6,142,Customer_269,60,Female,Bengaluru,4,1,5,Champions
CUST2921,2025-03-12,1,139876.08,296,Customer_420,27,Male,Patna,1,1,3,Average Spenders
CUST2935,2025-02-04,1,30364.5,332,Customer_26,28,Male,Delhi,1,1,1,Lost / Low-Value
CUST2953,2025-02-24,1,220868.4,312,Customer_435,41,Female,Kolkata,1,1,4,At Risk
CUST2956,2025-10-04,1,132611.45,90,Customer_177,39,Male,Patna,4,1,3,Loyal Customers
CUST2967,2025-07-11,1,36396.7,175,Customer_483,52,Female,Mumbai,3,1,1,Average Spenders
CUST2969,2025-05-04,1,237972.6,243,Customer_287,59,Male,Kolkata,2,1,4,At Risk
CUST2997,2025-09-14,1,34192.3,110,Customer_181,23,Female,Hyderabad,4,1,1,New Customers
CUST3001,2025-09-07,2,14067.77,117,Customer_327,56,Female,Delhi,4,3,1,Loyal Customers
CUST3002,2025-11-19,1,219937.28,44,Customer_57,61,Male,Mumbai,5,1,4,Champions
CUST3004,2025-05-08,1,3971.35,239,Customer_162,46,Female,Pune,2,1,1,Lost / Low-Value
CUST3006,2025-09-22,2,351367.34,102,Customer_256,58,Male,Patna,4,3,5,Champions
CUST3023,2025-09-07,1,368979.6,117,Customer_223,43,Female,Gaya,4,1,5,Champions
CUST3024,2025-05-27,1,242884.38,220,Customer_332,22,Female,Patna,2,1,5,At Risk
CUST3044,2025-05-06,1,318554.4,241,Customer_27,65,Female,Bengaluru,2,1,5,At Risk
CUST3054,2025-05-30,1,63845.1,217,Customer_96,28,Female,Mumbai,2,1,2,Lost / Low-Value
CUST3059,2025-03-27,1,234450.42,281,Customer_104,36,Male,Patna,2,1,4,At Risk
CUST3075,2025-02-13,1,8162.84,323,Customer_249,55,Male,Bengaluru,1,1,1,Lost / Low-Value
CUST3078,2025-09-01,1,76256.64,123,Customer_230,22,Male,Gaya,4,1,2,New Customers
CUST3080,2025-05-03,1,43789.89,244,Customer_378,41,Female,Pune,2,1,2,Lost / Low-Value
CUST3089,2025-12-16,1,139534.08,17,Customer_339,35,Female,Kolkata,5,1,3,Loyal Customers
CUST3094,2025-07-22,1,343480.48,164,Customer_47,49,Female,Bengaluru,3,1,5,Loyal Customers
CUST3107,2025-03-28,1,28766.56,280,Customer_99,21,Female,Kolkata,2,1,1,Lost / Low-Value
CUST3127,2025-10-14,1,139530.8,80,Customer_182,63,Male,Bengaluru,4,1,3,Loyal Customers
CUST3129,2025-10-04,1,376842.87,90,Customer_138,39,Male,Hyderabad,4,1,5,Champions
CUST3138,2025-06-22,1,104971.05,194,Customer_440,30,Female,Mumbai,3,1,3,Loyal Customers
CUST3169,2025-12-20,1,138808.11,13,Customer_138,41,Female,Delhi,5,1,3,Loyal Customers
CUST3186,2025-03-23,1,156219.8,285,Customer_412,60,Female,Delhi,2,1,4,At Risk
CUST3189,2025-10-11,1,69219.64,83,Customer_384,30,Female,Kolkata,4,1,2,New Customers
CUST3194,2025-01-22,1,51591.1,345,Customer_114,34,Male,Kolkata,1,1,2,Lost / Low-Value
CUST3210,2025-01-14,1,122561.37,353,Customer_15,43,Female,Mumbai,1,1,3,Average Spenders
CUST3212,2025-08-09,1,42764.32,146,Customer_415,33,Male,Gaya,3,1,2,Average Spenders
CUST3228,2025-05-02,1,283052.58,245,Customer_209,55,Female,Patna,2,1,5,At Risk
CUST3237,2025-12-15,1,270087.16,18,Customer_341,48,Female,Kolkata,5,1,5,Champions
CUST3260,2025-12-28,1,110900.34,5,Customer_237,55,Male,Mumbai,5,1,3,Loyal Customers
CUST3264,2025-12-03,1,42437.1,30,Customer_227,51,Female,Gaya,5,1,2,New Customers
CUST3265,2025-10-20,1,97693.35,74,Customer_256,29,Male,Gaya,4,1,3,Loyal Customers
CUST3277,2025-01-16,1,190335.12,351,Customer_148,46,Female,Gaya,1,1,4,At Risk
CUST3281,2025-10-01,1,190106.9,93,Customer_243,64,Female,Pune,4,1,4,Champions
CUST3285,2025-06-03,1,392423.76,213,Customer_232,30,Female,Mumbai,3,1,5,Loyal Customers
CUST3297,2025-05-10,1,40350.67,237,Customer_465,47,Male,Gaya,2,1,2,Lost / Low-Value
CUST3298,2025-07-13,1,72667.0,173,Customer_155,63,Female,Kolkata,3,1,2,Average Spenders
CUST3316,2025-04-13,1,261998.08,264,Customer_458,41,Female,Patna,2,1,5,At Risk
CUST3321,2025-07-12,1,62003.61,174,Customer_151,20,Female,Bengaluru,3,1,2,Average Spenders
CUST3327,2025-11-20,1,90435.84,43,Customer_94,19,Female,Pune,5,1,3,Loyal Customers
CUST3330,2025-06-28,1,162554.32,188,Customer_450,62,Female,Hyderabad,3,1,4,Loyal Customers
CUST3341,2025-09-30,1,186519.72,94,Customer_263,54,Male,Gaya,4,1,4,Champions
CUST3345,2025-02-12,1,58809.5,324,Customer_202,35,Female,Gaya,1,1,2,Lost / Low-Value
CUST3365,2025-08-25,1,119390.88,130,Customer_80,23,Male,Delhi,4,1,3,Loyal Customers
CUST3366,2025-10-31,2,360570.11,63,Customer_363,55,Male,Delhi,5,3,5,Champions
CUST3393,2025-09-09,1,108717.45,115,Customer_175,24,Female,Hyderabad,4,1,3,Loyal Customers
CUST3397,2025-03-08,1,26461.65,300,Customer_101,44,Male,Gaya,1,1,1,Lost / Low-Value
CUST3417,2025-02-08,1,252084.4,328,Customer_102,36,Male,Patna,1,1,5,At Risk
CUST3418,2025-05-28,1,1229.02,219,Customer_499,33,Female,Gaya,2,1,1,Lost / Low-Value
CUST3430,2025-07-10,1,215754.42,176,Customer_184,51,Female,Kolkata,3,1,4,Loyal Customers
CUST3438,2025-11-12,1,148435.74,51,Customer_98,56,Male,Patna,5,1,4,Champions
CUST3440,2025-07-07,1,33098.3,179,Customer_28,32,Female,Pune,3,1,1,Average Spenders
CUST3459,2025-08-01,1,88586.31,154,Customer_320,19,Male,Pune,3,1,3,Loyal Customers
CUST3464,2025-05-04,1,172829.92,243,Customer_1,18,Female,Bengaluru,2,1,4,At Risk
CUST3473,2025-03-16,1,18903.96,292,Customer_20,56,Male,Hyderabad,1,1,1,Lost / Low-Value
CUST3497,2025-05-11,1,119906.32,236,Customer_408,57,Male,Patna,2,1,3,Average Spenders
CUST3499,2025-07-13,1,40383.06,173,Customer_139,20,Male,Mumbai,3,1,2,Average Spenders
CUST3508,2025-11-14,2,192315.52000000002,49,Customer_163,60,Female,Pune,5,3,4,Champions
CUST3522,2025-01-20,1,30869.01,347,Customer_67,24,Male,Bengaluru,1,1,1,Lost / Low-Value
CUST3537,2025-04-17,1,141646.92,260,Customer_377,24,Female,Pune,2,1,3,Average Spenders
CUST3542,2025-02-21,1,47618.43,315,Customer_156,51,Male,Patna,1,1,2,Lost / Low-Value
CUST3564,2025-06-07,1,444513.78,209,Customer_267,41,Male,Patna,3,1,5,Loyal Customers
CUST3566,2025-02-16,1,178545.48,320,Customer_430,45,Female,Patna,1,1,4,At Risk
CUST3567,2025-07-09,1,300593.16,177,Customer_407,21,Male,Bengaluru,3,1,5,Loyal Customers
CUST3576,2025-04-02,1,321187.65,275,Customer_397,53,Male,Hyderabad,2,1,5,At Risk
CUST3580,2025-05-01,1,89124.8,246,Customer_60,56,Female,Gaya,2,1,3,Average Spenders
CUST3602,2025-06-04,1,67401.84,212,Customer_295,54,Male,Pune,3,1,2,Average Spenders
CUST3603,2025-04-26,1,15061.67,251,Customer_448,56,Female,Delhi,2,1,1,Lost / Low-Value
CUST3607,2025-09-29,1,105764.6,95,Customer_266,64,Female,Patna,4,1,3,Loyal Customers
CUST3618,2025-07-08,1,330723.9,178,Customer_131,28,Male,Pune,3,1,5,Loyal Customers
CUST3623,2025-07-03,1,338531.22,183,Customer_1,35,Male,Mumbai,3,1,5,Loyal Customers
CUST3625,2025-02-26,1,105841.56,310,Customer_382,55,Female,Kolkata,1,1,3,Average Spenders
CUST3652,2025-10-19,1,21496.95,75,Customer_436,59,Male,Hyderabad,4,1,1,New Customers
CUST3662,2025-01-15,1,14919.85,352,Customer_223,34,Female,Hyderabad,1,1,1,Lost / Low-Value
CUST3668,2025-11-01,1,280078.14,62,Customer_415,63,Male,Patna,5,1,5,Champions
CUST3677,2025-06-13,1,17041.21,203,Customer_459,34,Female,Patna,3,1,1,Average Spenders
CUST3679,2025-05-19,1,239465.0,228,Customer_242,48,Male,Patna,2,1,4,At Risk
CUST3682,2025-11-13,1,144829.17,50,Customer_132,56,Female,Kolkata,5,1,4,Champions
CUST3685,2025-10-26,1,35489.21,68,Customer_94,23,Female,Delhi,5,1,1,New Customers
CUST3688,2025-02-05,1,213936.9,331,Customer_205,38,Female,Bengaluru,1,1,4,At Risk
CUST3689,2025-06-07,2,542484.08,209,Customer_335,34,Female,Patna,3,3,5,Loyal Customers
CUST3690,2025-12-11,1,102479.94,22,Customer_413,32,Female,Delhi,5,1,3,Loyal Customers
CUST3714,2025-09-04,1,165724.79,120,Customer_295,37,Female,Patna,4,1,4,Champions
CUST3723,2025-02-16,1,16453.6,320,Customer_208,52,Male,Kolkata,1,1,1,Lost / Low-Value
CUST3730,2025-07-18,2,538633.97,168,Customer_273,41,Female,Unknown,3,3,5,Loyal Customers
CUST3741,2025-12-08,1,48583.48,25,Customer_461,57,Female,Mumbai,5,1,2,New Customers
CUST3744,2025-06-01,1,93190.71,215,Customer_2,20,Female,Mumbai,3,1,3,Loyal Customers
CUST3745,2025-09-04,1,217666.56,120,Customer_138,55,Female,Hyderabad,4,1,4,Champions
CUST3747,2025-03-08,1,23973.18,300,Customer_322,47,Female,Mumbai,1,1,1,Lost / Low-Value
CUST3751,2025-12-10,1,69239.88,23,Customer_270,36,Male,Bengaluru,5,1,2,New Customers
CUST3759,2025-04-10,1,301283.73,267,Customer_313,65,Female,Mumbai,2,1,5,At Risk
CUST3760,2025-09-05,1,41626.11,119,Customer_360,63,Female,Bengaluru,4,1,2,New Customers
CUST3763,2025-12-04,2,294488.9,29,Customer_257,57,Male,Hyderabad,5,3,5,Champions
CUST3767,2025-12-23,1,1981.7,10,Customer_470,49,Female,Hyderabad,5,1,1,New Customers
CUST3773,2025-07-23,2,412403.57999999996,163,Customer_336,41,Female,Pune,3,3,5,Loyal Customers
CUST3778,2025-02-10,1,47848.0,326,Customer_96,39,Female,Bengaluru,1,1,2,Lost / Low-Value
CUST3794,2025-07-11,1,103917.5,175,Customer_315,35,Female,Hyderabad,3,1,3,Loyal Customers
CUST3809,2025-11-23,1,51282.42,40,Customer_394,44,Female,Gaya,5,1,2,New Customers
CUST3820,2025-05-10,1,100104.3,237,Customer_312,48,Female,Delhi,2,1,3,Average Spenders
CUST3835,2025-09-20,1,144095.7,104,Customer_256,45,Male,Delhi,4,1,4,Champions
CUST3839,2025-01-07,1,410547.2,360,Customer_274,61,Male,Bengaluru,1,1,5,At Risk
CUST3843,2025-07-05,1,37727.1,181,Customer_209,44,Female,Bengaluru,3,1,1,Average Spenders
CUST3850,2025-09-29,1,122047.5,95,Customer_163,27,Female,Kolkata,4,1,3,Loyal Customers
CUST3851,2025-10-02,1,29862.4,92,Customer_487,59,Male,Delhi,4,1,1,New Customers
CUST3867,2025-04-27,1,25348.95,250,Customer_54,41,Female,Unknown,2,1,1,Lost / Low-Value
CUST3877,2025-12-26,1,85323.78,7,Customer_133,18,Male,Delhi,5,1,2,New Customers
CUST3887,2025-10-26,1,169196.64,68,Customer_371,56,Female,Mumbai,5,1,4,Champions
CUST3891,2025-03-02,1,150743.16,306,Customer_453,65,Male,Mumbai,1,1,4,At Risk
CUST3911,2025-07-28,1,81607.25,158,Customer_304,26,Female,Gaya,3,1,2,Average Spenders
CUST3948,2025-04-18,1,116728.5,259,Customer_465,38,Male,Hyderabad,2,1,3,Average Spenders
CUST3952,2025-12-31,1,323527.23,2,Customer_71,40,Female,Hyderabad,5,1,5,Champions
CUST3966,2025-12-06,1,120078.24,27,Customer_338,47,Female,Hyderabad,5,1,3,Loyal Customers
CUST3972,2025-11-17,1,240883.83,46,Customer_336,20,Male,Gaya,5,1,4,Champions
CUST3987,2025-03-25,1,330496.47,283,Customer_126,55,Female,Pune,2,1,5,At Risk
CUST4002,2025-05-03,1,234114.2,244,Customer_388,18,Female,Gaya,2,1,4,At Risk
CUST4003,2025-03-30,1,468522.0,278,Customer_305,54,Female,Bengaluru,2,1,5,At Risk
CUST4009,2025-01-26,1,43713.28,341,Customer_273,18,Male,Hyderabad,1,1,2,Lost / Low-Value
CUST4034,2025-06-30,1,85717.2,186,Customer_271,32,Female,Kolkata,3,1,2,Average Spenders
CUST4037,2025-05-05,1,470798.6,242,Customer_205,30,Male,Kolkata,2,1,5,At Risk
CUST4041,2025-10-12,2,173329.08,82,Customer_394,30,Female,Delhi,4,3,4,Champions
CUST4062,2025-05-10,1,8906.18,237,Customer_23,56,Female,Mumbai,2,1,1,Lost / Low-Value
CUST4073,2025-05-18,1,92444.73,229,Customer_353,25,Female,Pune,2,1,3,Average Spenders
CUST4077,2025-08-04,1,109913.8,151,Customer_138,50,Male,Mumbai,3,1,3,Loyal Customers
CUST4089,2025-12-18,1,112630.77,15,Customer_79,42,Male,Gaya,5,1,3,Loyal Customers
CUST4094,2025-05-31,1,178309.16,216,Customer_382,51,Male,Hyderabad,2,1,4,At Risk
CUST4099,2025-08-04,1,208572.3,151,Customer_377,55,Female,Delhi,3,1,4,Loyal Customers
CUST4103,2025-10-31,1,63588.21,63,Customer_454,33,Male,Pune,5,1,2,New Customers
CUST4106,2025-10-08,1,299498.92,86,Customer_226,33,Male,Gaya,4,1,5,Champions
CUST4109,2025-01-06,1,221067.8,361,Customer_31,53,Female,Delhi,1,1,4,At Risk
CUST4110,2025-02-07,1,360621.09,329,Customer_73,59,Female,Kolkata,1,1,5,At Risk
CUST4112,2025-09-12,1,51766.12,112,Customer_71,33,Female,Kolkata,4,1,2,New Customers
CUST4132,2025-04-01,1,7894.56,276,Customer_47,41,Female,Unknown,2,1,1,Lost / Low-Value
CUST4137,2025-08-31,2,333360.55,124,Customer_221,36,Male,Gaya,4,3,5,Champions
CUST4150,2025-03-26,1,359892.18,282,Customer_415,31,Female,Delhi,2,1,5,At Risk
CUST4167,2025-08-24,1,249899.04,131,Customer_113,41,Female,Kolkata,4,1,5,Champions
CUST4169,2025-03-02,1,25982.0,306,Customer_307,41,Female,Hyderabad,1,1,1,Lost / Low-Value
CUST4215,2025-07-21,1,110511.99,165,Customer_103,28,Male,Delhi,3,1,3,Loyal Customers
CUST4229,2025-08-24,1,136626.6,131,Customer_234,51,Male,Hyderabad,4,1,3,Loyal Customers
CUST4264,2025-11-15,1,278427.28,48,Customer_304,26,Female,Patna,5,1,5,Champions
CUST4269,2025-06-21,1,187463.04,195,Customer_268,65,Female,Gaya,3,1,4,Loyal Customers
CUST4270,2025-12-09,1,458774.9,24,Customer_266,30,Male,Kolkata,5,1,5,Champions
CUST4284,2025-02-28,1,30640.69,308,Customer_270,46,Male,Patna,1,1,1,Lost / Low-Value
CUST4317,2025-04-17,1,144969.64,260,Customer_498,50,Female,Delhi,2,1,4,At Risk
CUST4337,2025-04-16,1,55976.48,261,Customer_269,53,Female,Kolkata,2,1,2,Lost / Low-Value
CUST4363,2025-11-30,1,401091.2,33,Customer_161,30,Female,Delhi,5,1,5,Champions
CUST4381,2025-01-09,1,135764.76,358,Customer_324,39,Female,Kolkata,1,1,3,Average Spenders
CUST4391,2025-12-12,1,197421.55,21,Customer_214,36,Male,Hyderabad,5,1,4,Champions
CUST4414,2025-01-10,1,15617.29,357,Customer_194,53,Female,Delhi,1,1,1,Lost / Low-Value
CUST4417,2025-05-06,1,6280.83,241,Customer_234,52,Male,Mumbai,2,1,1,Lost / Low-Value
CUST4420,2025-08-18,1,13705.83,137,Customer_268,38,Male,Gaya,4,1,1,New Customers
CUST4431,2025-06-29,1,30519.5,187,Customer_177,19,Male,Gaya,3,1,1,Average Spenders
CUST4438,2025-02-20,1,29540.26,316,Customer_133,56,Female,Kolkata,1,1,1,Lost / Low-Value
CUST4457,2025-04-30,1,110260.04,247,Customer_212,31,Female,Hyderabad,2,1,3,Average Spenders
CUST4482,2025-06-07,1,421025.22,209,Customer_139,53,Male,Pune,3,1,5,Loyal Customers
CUST4483,2025-07-27,1,370228.72,159,Customer_109,63,Female,Patna,3,1,5,Loyal Customers
CUST4488,2025-04-09,1,47539.35,268,Customer_414,39,Female,Kolkata,2,1,2,Lost / Low-Value
CUST4496,2025-03-12,1,333687.41,296,Customer_53,18,Female,Bengaluru,1,1,5,At Risk
CUST4515,2025-07-28,1,78848.08,158,Customer_281,48,Female,Hyderabad,3,1,2,Average Spenders
CUST4527,2025-06-22,1,210037.8,194,Customer_359,54,Male,Mumbai,3,1,4,Loyal Customers
CUST4532,2025-02-27,1,210571.1,309,Customer_68,52,Male,Pune,1,1,4,At Risk
CUST4537,2025-09-02,1,167620.15,122,Customer_9,63,Male,Gaya,4,1,4,Champions
CUST4553,2025-01-05,1,165937.8,362,Customer_489,44,Female,Kolkata,1,1,4,At Risk
CUST4559,2025-05-30,1,52501.23,217,Customer_466,57,Female,Bengaluru,2,1,2,Lost / Low-Value
CUST4565,2025-12-07,1,23886.69,26,Customer_359,65,Female,Delhi,5,1,1,New Customers
CUST4569,2025-12-25,1,419975.28,8,Customer_238,38,Male,Patna,5,1,5,Champions
CUST4584,2025-10-14,1,462701.3,80,Customer_138,18,Female,Pune,4,1,5,Champions
CUST4598,2025-07-18,1,66336.0,168,Customer_96,33,Female,Patna,3,1,2,Average Spenders
CUST4601,2025-08-17,1,5053.68,138,Customer_82,55,Female,Hyderabad,4,1,1,New Customers
CUST4602,2025-11-30,1,6430.22,33,Customer_150,26,Female,Pune,5,1,1,New Customers
CUST4625,2025-02-22,1,306956.37,314,Customer_296,25,Female,Gaya,1,1,5,At Risk
CUST4629,2025-02-09,1,75833.37,327,Customer_167,40,Female,Patna,1,1,2,Lost / Low-Value
CUST4646,2025-12-25,1,190160.1,8,Customer_365,36,Female,Bengaluru,5,1,4,Champions
CUST4650,2025-11-07,1,143752.47,56,Customer_370,32,Male,Delhi,5,1,3,Loyal Customers
CUST4651,2025-03-07,1,99449.28,301,Customer_359,54,Male,Kolkata,1,1,3,Average Spenders
CUST4655,2025-10-16,1,239811.81,78,Customer_167,35,Male,Kolkata,4,1,4,Champions
CUST4673,2025-08-29,1,81396.85,126,Customer_386,42,Female,Delhi,4,1,2,New Customers
CUST4685,2025-04-08,1,241032.51,269,Customer_22,35,Male,Gaya,2,1,4,At Risk
CUST4686,2025-06-18,1,290918.72,198,Customer_473,27,Male,Pune,3,1,5,Loyal Customers
CUST4703,2025-12-03,1,158544.6,30,Customer_394,58,Male,Patna,5,1,4,Champions
CUST4705,2025-07-18,1,29838.32,168,Customer_53,43,Female,Hyderabad,3,1,1,Average Spenders
CUST4706,2026-01-01,2,528036.44,1,Customer_34,62,Female,Delhi,5,3,5,Champions
CUST4722,2025-10-23,1,217967.64,71,Customer_390,63,Male,Bengaluru,4,1,4,Champions
CUST4730,2025-11-02,1,203288.64,61,Customer_484,20,Female,Patna,5,1,4,Champions
CUST4737,2025-09-11,1,180858.3,113,Customer_367,22,Female,Patna,4,1,4,Champions
CUST4742,2025-10-06,1,74556.42,88,Customer_177,21,Male,Kolkata,4,1,2,New Customers
CUST4747,2025-07-01,1,102099.33,185,Customer_193,44,Male,Gaya,3,1,3,Loyal Customers
CUST4750,2025-09-02,1,95299.22,122,Customer_78,42,Female,Delhi,4,1,3,Loyal Customers
CUST4751,2025-11-29,1,243462.6,34,Customer_260,20,Male,Patna,5,1,5,Champions
CUST4756,2025-09-15,2,19079.68,109,Customer_104,57,Female,Delhi,4,3,1,Loyal Customers
CUST4758,2025-07-24,1,66288.95,162,Customer_372,63,Male,Pune,3,1,2,Average Spenders
CUST4777,2025-05-13,1,21001.73,234,Customer_233,60,Female,Gaya,2,1,1,Lost / Low-Value
CUST4796,2025-11-20,1,140365.9,43,Customer_380,44,Male,Bengaluru,5,1,3,Loyal Customers
CUST4810,2025-05-10,1,97167.28,237,Customer_416,18,Male,Kolkata,2,1,3,Average Spenders
CUST4824,2025-01-25,1,226245.78,342,Customer_98,24,Male,Gaya,1,1,4,At Risk
CUST4829,2025-09-13,1,333996.4,111,Customer_202,19,Female,Mumbai,4,1,5,Champions
CUST4845,2025-11-18,1,2599.12,45,Customer_401,18,Male,Mumbai,5,1,1,New Customers
CUST4849,2025-01-05,1,28812.06,362,Customer_209,28,Male,Patna,1,1,1,Lost / Low-Value
CUST4869,2025-07-28,1,485667.8,158,Customer_392,37,Male,Kolkata,3,1,5,Loyal Customers
CUST4881,2025-08-09,1,5629.1,146,Customer_389,32,Male,Patna,3,1,1,Average Spenders
CUST4888,2025-06-14,1,40275.15,202,Customer_13,38,Male,Pune,3,1,2,Average Spenders
CUST4901,2025-11-14,1,47545.23,49,Customer_327,29,Female,Mumbai,5,1,2,New Customers
CUST4926,2025-11-26,1,13050.5,37,Customer_102,45,Male,Delhi,5,1,1,New Customers
CUST4934,2025-03-12,1,318588.55,296,Customer_25,41,Male,Bengaluru,1,1,5,At Risk
CUST4941,2025-01-31,1,60395.06,336,Customer_457,50,Female,Mumbai,1,1,2,Lost / Low-Value
CUST4943,2025-05-11,1,12420.48,236,Customer_198,34,Male,Mumbai,2,1,1,Lost / Low-Value
CUST4947,2025-01-09,1,37605.65,358,Customer_352,58,Male,Bengaluru,1,1,1,Lost / Low-Value
CUST4958,2025-06-19,1,25717.95,197,Customer_160,45,Male,Gaya,3,1,1,Average Spenders
CUST4966,2025-08-26,1,8286.54,129,Customer_367,47,Female,Bengaluru,4,1,1,New Customers
CUST4973,2025-09-18,1,42500.65,106,Customer_443,24,Male,Kolkata,4,1,2,New Customers
CUST4977,2025-01-19,1,200969.45,348,Customer_359,33,Male,Mumbai,1,1,4,At Risk
CUST4979,2025-06-16,1,51456.6,200,Customer_273,45,Male,Mumbai,3,1,2,Average Spenders
CUST4982,2025-06-10,1,439972.2,206,Customer_370,33,Male,Delhi,3,1,5,Loyal Customers
CUST4996,2025-12-21,2,257757.48,12,Customer_184,64,Male,Delhi,5,3,5,Champions
CUST4997,2025-07-21,1,45063.04,165,Customer_371,31,Male,Hyderabad,3,1,2,Average Spenders
CUST5005,2025-12-19,1,174940.92,14,Customer_176,20,Female,Kolkata,5,1,4,Champions
CUST5010,2025-07-29,1,124324.34,157,Customer_46,41,Female,Pune,3,1,3,Loyal Customers
CUST5025,2025-05-04,1,20875.52,243,Customer_159,28,Female,Patna,2,1,1,Lost / Low-Value
CUST5036,2025-03-03,1,299490.08,305,Customer_468,32,Male,Patna,1,1,5,At Risk
CUST5057,2025-06-08,1,30227.94,208,Customer_158,52,Female,Patna,3,1,1,Average Spenders
CUST5063,2025-05-13,1,15831.03,234,Customer_50,33,Female,Mumbai,2,1,1,Lost / Low-Value
CUST5079,2025-10-22,1,267836.96,72,Customer_348,41,Female,Bengaluru,4,1,5,Champions
CUST5091,2025-02-19,1,213995.1,317,Customer_375,47,Male,Bengaluru,1,1,4,At Risk
CUST5097,2025-05-09,1,185571.72,238,Customer_302,65,Female,Mumbai,2,1,4,At Risk
CUST5102,2025-04-20,1,78808.86,257,Customer_416,41,Female,Hyderabad,2,1,2,Lost / Low-Value
CUST5113,2025-02-16,1,199283.0,320,Customer_271,30,Female,Kolkata,1,1,4,At Risk
CUST5128,2025-04-01,1,242216.48,276,Customer_192,47,Male,Bengaluru,2,1,5,At Risk
CUST5129,2025-09-17,1,219522.18,107,Customer_404,54,Male,Bengaluru,4,1,4,Champions
CUST5133,2025-08-09,1,19382.82,146,Customer_86,56,Female,Pune,3,1,1,Average Spenders
CUST5136,2025-08-30,1,16506.48,125,Customer_257,30,Male,Mumbai,4,1,1,New Customers
CUST5151,2025-07-04,1,86394.66,182,Customer_409,55,Female,Bengaluru,3,1,2,Average Spenders
CUST5154,2025-01-13,1,76131.68,354,Customer_453,20,Male,Mumbai,1,1,2,Lost / Low-Value
CUST5155,2025-02-08,1,172543.0,328,Customer_165,57,Male,Bengaluru,1,1,4,At Risk
CUST5160,2025-12-24,1,1961.91,9,Customer_144,52,Female,Delhi,5,1,1,New Customers
CUST5168,2025-06-05,1,54797.1,211,Customer_295,25,Male,Hyderabad,3,1,2,Average Spenders
CUST5178,2025-06-01,1,109792.04,215,Customer_170,23,Male,Mumbai,3,1,3,Loyal Customers
CUST5188,2025-02-08,1,439499.43,328,Customer_286,53,Male,Gaya,1,1,5,At Risk
CUST5206,2025-12-22,1,65107.76,11,Customer_327,52,Female,Patna,5,1,2,New Customers
CUST5211,2025-03-18,1,191167.55,290,Customer_215,53,Female,Patna,1,1,4,At Risk
CUST5214,2025-06-19,1,86438.08,197,Customer_142,63,Female,Patna,3,1,2,Average Spenders
CUST5232,2025-02-13,1,62434.24,323,Customer_395,54,Male,Gaya,1,1,2,Lost / Low-Value
CUST5233,2025-09-08,1,48906.12,116,Customer_108,26,Male,Mumbai,4,1,2,New Customers
CUST5240,2025-10-06,1,92846.81,88,Customer_379,43,Male,Patna,4,1,3,Loyal Customers
CUST5244,2025-03-27,1,207547.7,281,Customer_44,41,Male,Pune,2,1,4,At Risk
CUST5249,2025-12-05,1,116373.8,28,Customer_236,57,Male,Pune,5,1,3,Loyal Customers
CUST5295,2025-07-30,1,120358.95,156,Customer_223,58,Female,Kolkata,3,1,3,Loyal Customers
CUST5318,2025-06-06,1,93084.36,210,Customer_376,61,Male,Bengaluru,3,1,3,Loyal Customers
CUST5319,2025-11-18,1,138242.6,45,Customer_129,35,Female,Mumbai,5,1,3,Loyal Customers
CUST5338,2025-05-29,1,140731.05,218,Customer_269,22,Female,Patna,2,1,3,Average Spenders
CUST5355,2025-03-20,1,47542.0,288,Customer_108,23,Male,Delhi,2,1,2,Lost / Low-Value
CUST5363,2025-11-18,2,265314.63,45,Customer_423,56,Male,Delhi,5,3,5,Champions
CUST5367,2025-09-01,1,35099.34,123,Customer_499,25,Female,Hyderabad,4,1,1,New Customers
CUST5373,2025-10-16,1,25737.43,78,Customer_256,24,Male,Delhi,4,1,1,New Customers
CUST5375,2025-03-11,1,36587.92,297,Customer_265,60,Male,Bengaluru,1,1,1,Lost / Low-Value
CUST5386,2025-05-16,1,244476.54,231,Customer_125,47,Male,Gaya,2,1,5,At Risk
CUST5389,2025-11-27,1,58707.36,36,Customer_362,44,Female,Mumbai,5,1,2,New Customers
CUST5406,2025-09-12,1,47545.65,112,Customer_164,30,Male,Kolkata,4,1,2,New Customers
CUST5413,2025-12-13,1,217109.48,20,Customer_20,62,Male,Bengaluru,5,1,4,Champions
CUST5415,2025-10-31,1,12121.61,63,Customer_460,29,Female,Delhi,5,1,1,New Customers
CUST5418,2025-08-17,1,177852.72,138,Customer_491,41,Female,Kolkata,4,1,4,Champions
CUST5419,2025-09-20,1,7179.39,104,Customer_263,65,Female,Patna,4,1,1,New Customers
CUST5430,2025-06-29,1,138761.82,187,Customer_333,48,Male,Mumbai,3,1,3,Loyal Customers
CUST5431,2025-01-20,1,215478.9,347,Customer_396,60,Female,Mumbai,1,1,4,At Risk
CUST5432,2025-11-08,1,15571.2,55,Customer_163,57,Male,Patna,5,1,1,New Customers
CUST5433,2025-01-17,1,100010.88,350,Customer_355,49,Male,Delhi,1,1,3,Average Spenders
CUST5454,2025-01-23,1,308555.0,344,Customer_368,19,Female,Hyderabad,1,1,5,At Risk
CUST5455,2025-03-17,1,86715.66,291,Customer_287,26,Male,Bengaluru,1,1,2,Lost / Low-Value
CUST5468,2025-11-16,1,299131.56,47,Customer_463,32,Male,Bengaluru,5,1,5,Champions
CUST5477,2025-10-10,1,284448.64,84,Customer_249,37,Female,Kolkata,4,1,5,Champions
CUST5505,2025-01-10,1,210141.3,357,Customer_189,38,Female,Bengaluru,1,1,4,At Risk
CUST5516,2025-04-21,1,211333.38,256,Customer_343,21,Male,Kolkata,2,1,4,At Risk
CUST5523,2025-10-03,1,277513.83,91,Customer_432,41,Male,Pune,4,1,5,Champions
CUST5524,2025-10-15,1,128419.56,79,Customer_154,44,Male,Hyderabad,4,1,3,Loyal Customers
CUST5529,2025-02-25,1,19808.39,311,Customer_227,30,Female,Bengaluru,1,1,1,Lost / Low-Value
CUST5535,2025-10-17,1,81639.9,77,Customer_146,28,Male,Gaya,4,1,2,New Customers
CUST5569,2025-11-22,1,105715.35,41,Customer_188,27,Female,Pune,5,1,3,Loyal Customers
CUST5585,2025-08-03,1,258727.23,152,Customer_289,35,Male,Kolkata,3,1,5,Loyal Customers
CUST5600,2025-06-26,1,143878.14,190,Customer_176,27,Male,Bengaluru,3,1,3,Loyal Customers
CUST5605,2025-08-16,1,126051.16,139,Customer_23,30,Female,Kolkata,4,1,3,Loyal Customers
CUST5607,2025-08-21,1,13129.64,134,Customer_265,61,Female,Gaya,4,1,1,New Customers
CUST5615,2025-06-14,1,7583.96,202,Customer_56,63,Female,Bengaluru,3,1,1,Average Spenders
CUST5621,2025-10-14,1,134832.67,80,Customer_427,62,Female,Delhi,4,1,3,Loyal Customers
CUST5624,2025-11-27,1,319922.96,36,Customer_25,22,Male,Patna,5,1,5,Champions
CUST5702,2025-07-11,1,139084.8,175,Customer_381,48,Female,Pune,3,1,3,Loyal Customers
CUST5718,2025-07-01,1,80473.4,185,Customer_251,62,Female,Kolkata,3,1,2,Average Spenders
CUST5726,2025-09-02,1,79157.2,122,Customer_192,20,Male,Pune,4,1,2,New Customers
CUST5743,2025-07-15,1,86401.08,171,Customer_248,28,Male,Gaya,3,1,2,Average Spenders
CUST5762,2025-10-20,1,31247.14,74,Customer_404,20,Female,Mumbai,4,1,1,New Customers
CUST5766,2025-01-22,1,226028.39,345,Customer_85,27,Male,Gaya,1,1,4,At Risk
CUST5778,2025-04-05,1,72124.72,272,Customer_346,37,Male,Patna,2,1,2,Lost / Low-Value
CUST5791,2025-01-09,1,78010.54,358,Customer_113,62,Male,Patna,1,1,2,Lost / Low-Value
CUST5806,2025-07-24,2,143666.99,162,Customer_103,57,Female,Mumbai,3,3,3,Loyal Customers
CUST5829,2025-09-05,1,39956.16,119,Customer_37,32,Male,Delhi,4,1,2,New Customers
CUST5835,2025-05-06,1,56623.16,241,Customer_362,20,Male,Unknown,2,1,2,Lost / Low-Value
CUST5851,2025-05-14,1,83088.9,233,Customer_418,50,Male,Patna,2,1,2,Lost / Low-Value
CUST5869,2025-02-20,1,285227.53,316,Customer_415,23,Male,Delhi,1,1,5,At Risk
CUST5871,2025-02-25,1,136832.9,311,Customer_335,39,Female,Delhi,1,1,3,Average Spenders
CUST5876,2025-11-07,1,222899.82,56,Customer_389,42,Female,Patna,5,1,4,Champions
CUST5899,2025-07-28,1,23158.0,158,Customer_500,31,Female,Gaya,3,1,1,Average Spenders
CUST5903,2025-04-26,1,13424.67,251,Customer_396,27,Female,Hyderabad,2,1,1,Lost / Low-Value
CUST5926,2025-12-12,1,311180.64,21,Customer_308,54,Male,Gaya,5,1,5,Champions
CUST5932,2025-06-30,1,74970.27,186,Customer_183,62,Female,Gaya,3,1,2,Average Spenders
CUST5933,2025-01-29,1,65068.15,338,Customer_92,29,Male,Mumbai,1,1,2,Lost / Low-Value
CUST5945,2025-02-04,1,200976.86,332,Customer_49,40,Female,Kolkata,1,1,4,At Risk
CUST5988,2025-10-24,1,88672.76,70,Customer_266,43,Male,Kolkata,4,1,3,Loyal Customers
CUST6002,2025-11-04,1,214875.81,59,Customer_83,46,Male,Delhi,5,1,4,Champions
CUST6006,2025-04-19,1,186072.9,258,Customer_344,38,Male,Delhi,2,1,4,At Risk
CUST6028,2025-03-25,1,82132.92,283,Customer_58,39,Male,Delhi,2,1,2,Lost / Low-Value
CUST6037,2025-01-13,1,3586.58,354,Customer_121,28,Male,Patna,1,1,1,Lost / Low-Value
CUST6067,2025-09-05,2,209823.08000000002,119,Customer_499,26,Male,Kolkata,4,3,4,Champions
CUST6082,2025-10-24,2,548416.39,70,Customer_105,53,Female,Mumbai,4,3,5,Champions
CUST6096,2025-02-08,1,197341.68,328,Customer_53,51,Female,Patna,1,1,4,At Risk
CUST6111,2025-12-22,2,156256.16,11,Customer_204,34,Female,Hyderabad,5,3,4,Champions
CUST6116,2025-07-09,1,86309.0,177,Customer_343,32,Female,Gaya,3,1,2,Average Spenders
CUST6136,2025-03-20,1,71273.3,288,Customer_328,22,Male,Hyderabad,2,1,2,Lost / Low-Value
CUST6142,2025-01-26,1,128393.8,341,Customer_410,37,Male,Patna,1,1,3,Average Spenders
CUST6149,2025-08-10,1,72673.95,145,Customer_181,32,Female,Patna,3,1,2,Average Spenders
CUST6152,2025-10-21,1,118857.45,73,Customer_438,39,Female,Bengaluru,4,1,3,Loyal Customers
CUST6162,2025-06-19,1,31849.44,197,Customer_165,42,Male,Mumbai,3,1,1,Average Spenders
CUST6173,2025-08-03,1,150268.72,152,Customer_51,22,Male,Pune,3,1,4,Loyal Customers
CUST6180,2025-08-30,1,157078.86,125,Customer_73,64,Male,Patna,4,1,4,Champions
CUST6206,2025-12-12,1,302455.37,21,Customer_18,50,Male,Kolkata,5,1,5,Champions
CUST6228,2025-08-06,1,89287.2,149,Customer_466,41,Female,Pune,3,1,3,Loyal Customers
CUST6236,2025-07-15,1,17039.73,171,Customer_312,43,Female,Kolkata,3,1,1,Average Spenders
CUST6238,2025-12-04,1,259301.0,29,Customer_258,55,Male,Gaya,5,1,5,Champions
CUST6241,2025-02-14,1,18127.66,322,Customer_242,55,Male,Hyderabad,1,1,1,Lost / Low-Value
CUST6258,2025-07-15,1,40225.63,171,Customer_229,52,Male,Pune,3,1,2,Average Spenders
CUST6260,2025-04-24,1,105954.6,253,Customer_455,37,Male,Gaya,2,1,3,Average Spenders
CUST6279,2025-06-04,1,256986.2,212,Customer_97,21,Female,Kolkata,3,1,5,Loyal Customers
CUST6288,2025-01-16,1,17212.99,351,Customer_407,55,Male,Kolkata,1,1,1,Lost / Low-Value
CUST6309,2025-06-06,1,61486.2,210,Customer_345,55,Female,Mumbai,3,1,2,Average Spenders
CUST6311,2025-10-31,1,301320.63,63,Customer_257,65,Female,Mumbai,5,1,5,Champions
CUST6314,2025-02-20,1,155811.12,316,Customer_66,19,Female,Gaya,1,1,4,At Risk
CUST6316,2025-11-01,1,311126.04,62,Customer_59,41,Male,Pune,5,1,5,Champions
CUST6319,2025-01-18,1,46629.03,349,Customer_393,32,Female,Bengaluru,1,1,2,Lost / Low-Value
CUST6336,2025-09-08,1,26771.99,116,Customer_63,52,Male,Delhi,4,1,1,New Customers
CUST6340,2025-09-15,1,21368.29,109,Customer_125,37,Female,Gaya,4,1,1,New Customers
CUST6345,2025-06-14,2,82147.94,202,Customer_214,32,Female,Delhi,3,3,2,Loyal Customers
CUST6348,2025-04-23,1,92286.1,254,Customer_412,22,Female,Kolkata,2,1,3,Average Spenders
CUST6389,2025-08-20,1,313519.95,135,Customer_484,27,Male,Kolkata,4,1,5,Champions
CUST6394,2025-12-14,1,57013.62,19,Customer_338,57,Female,Bengaluru,5,1,2,New Customers
CUST6407,2025-12-28,2,315050.32,5,Customer_157,26,Female,Delhi,5,3,5,Champions
CUST6410,2025-11-07,1,318649.86,56,Customer_301,61,Male,Gaya,5,1,5,Champions
CUST6413,2025-04-24,1,96340.16,253,Customer_490,50,Female,Patna,2,1,3,Average Spenders
CUST6414,2025-05-06,1,62429.88,241,Customer_82,30,Male,Delhi,2,1,2,Lost / Low-Value
CUST6421,2025-10-13,1,38696.65,81,Customer_218,22,Male,Gaya,4,1,2,New Customers
CUST6432,2025-05-16,1,46021.88,231,Customer_194,62,Male,Mumbai,2,1,2,Lost / Low-Value
CUST6436,2025-08-21,1,4418.86,134,Customer_288,52,Male,Bengaluru,4,1,1,New Customers
CUST6442,2025-10-05,1,429297.21,89,Customer_10,62,Male,Kolkata,4,1,5,Champions
CUST6444,2025-09-06,1,259787.34,118,Customer_251,23,Female,Mumbai,4,1,5,Champions
CUST6467,2025-02-11,1,318362.73,325,Customer_181,24,Female,Pune,1,1,5,At Risk
CUST6504,2025-03-20,1,190162.88,288,Customer_357,34,Male,Kolkata,2,1,4,At Risk
CUST6511,2025-09-03,1,54039.78,121,Customer_15,54,Male,Mumbai,4,1,2,New Customers
CUST6518,2025-08-25,1,177138.7,130,Customer_410,44,Female,Hyderabad,4,1,4,Champions
CUST6522,2025-06-21,1,107317.63,195,Customer_468,61,Male,Mumbai,3,1,3,Loyal Customers
CUST6531,2025-04-04,1,78327.66,273,Customer_218,57,Male,Kolkata,2,1,2,Lost / Low-Value
CUST6532,2025-08-22,2,610981.74,133,Customer_187,43,Female,Hyderabad,4,3,5,Champions
CUST6538,2025-07-28,1,26611.8,158,Customer_365,37,Female,Pune,3,1,1,Average Spenders
CUST6540,2025-04-10,1,87368.96,267,Customer_230,19,Male,Kolkata,2,1,2,Lost / Low-Value
CUST6564,2025-02-26,1,142635.56,310,Customer_216,59,Female,Patna,1,1,3,Average Spenders
CUST6565,2025-06-22,1,168646.62,194,Customer_431,50,Female,Gaya,3,1,4,Loyal Customers
CUST6571,2025-12-11,1,75706.23,22,Customer_156,43,Female,Pune,5,1,2,New Customers
CUST6578,2025-01-09,1,19202.88,358,Customer_194,64,Female,Hyderabad,1,1,1,Lost / Low-Value
CUST6584,2025-03-27,1,296462.6,281,Customer_449,21,Male,Mumbai,2,1,5,At Risk
CUST6585,2025-06-22,1,103625.84,194,Customer_214,21,Male,Hyderabad,3,1,3,Loyal Customers
CUST6589,2025-09-18,1,70470.99,106,Customer_367,30,Male,Kolkata,4,1,2,New Customers
CUST6600,2025-03-07,1,439266.33,301,Customer_242,58,Female,Bengaluru,1,1,5,At Risk
CUST6618,2025-04-28,1,230997.12,249,Customer_311,19,Male,Pune,2,1,4,At Risk
CUST6621,2025-05-14,1,34477.47,233,Customer_104,19,Female,Mumbai,2,1,1,Lost / Low-Value
CUST6625,2025-04-04,1,121251.76,273,Customer_121,18,Male,Hyderabad,2,1,3,Average Spenders
CUST6627,2025-01-14,1,248966.58,353,Customer_353,57,Male,Patna,1,1,5,At Risk
CUST6631,2025-07-11,1,28924.68,175,Customer_141,58,Male,Kolkata,3,1,1,Average Spenders
CUST6638,2025-12-14,1,167313.48,19,Customer_350,45,Male,Bengaluru,5,1,4,Champions
CUST6654,2025-09-20,1,15439.6,104,Customer_66,38,Female,Pune,4,1,1,New Customers
CUST6655,2025-10-03,1,3156.7,91,Customer_192,31,Female,Pune,4,1,1,New Customers
CUST6658,2025-11-19,1,285180.93,44,Customer_274,60,Male,Patna,5,1,5,Champions
CUST6678,2025-12-17,1,28362.94,16,Customer_241,41,Male,Kolkata,5,1,1,New Customers
CUST6684,2025-03-22,1,193199.4,286,Customer_426,59,Male,Bengaluru,2,1,4,At Risk
CUST6697,2025-09-13,1,75059.95,111,Customer_137,26,Male,Pune,4,1,2,New Customers
CUST6704,2025-12-29,2,452333.24,4,Customer_141,39,Male,Pune,5,3,5,Champions
CUST6706,2025-02-14,1,45333.96,322,Customer_215,54,Male,Mumbai,1,1,2,Lost / Low-Value
CUST6707,2025-03-20,1,328896.4,288,Customer_420,33,Male,Pune,2,1,5,At Risk
CUST6714,2025-02-13,1,439469.6,323,Customer_31,41,Female,Unknown,1,1,5,At Risk
CUST6719,2025-01-04,1,45270.45,363,Customer_394,30,Female,Patna,1,1,2,Lost / Low-Value
CUST6727,2025-11-09,1,111865.08,54,Customer_452,34,Female,Mumbai,5,1,3,Loyal Customers
CUST6728,2025-12-15,1,34757.71,18,Customer_413,64,Male,Bengaluru,5,1,1,New Customers
CUST6748,2025-10-12,1,396906.8,82,Customer_2,40,Female,Patna,4,1,5,Champions
CUST6752,2025-10-16,1,59121.8,78,Customer_52,65,Male,Kolkata,4,1,2,New Customers
CUST6762,2025-01-28,1,10934.02,339,Customer_235,47,Male,Delhi,1,1,1,Lost / Low-Value
CUST6773,2025-04-07,1,132823.76,270,Customer_200,22,Male,Hyderabad,2,1,3,Average Spenders
CUST6780,2025-06-05,1,269519.53,211,Customer_262,42,Female,Hyderabad,3,1,5,Loyal Customers
CUST6783,2025-08-25,1,189183.33,130,Customer_7,30,Male,Kolkata,4,1,4,Champions
CUST6791,2025-11-27,1,148740.85,36,Customer_430,22,Female,Pune,5,1,4,Champions
CUST6806,2025-04-16,1,246529.68,261,Customer_316,46,Male,Pune,2,1,5,At Risk
CUST6814,2025-05-21,1,56546.37,226,Customer_70,62,Male,Bengaluru,2,1,2,Lost / Low-Value
CUST6815,2025-06-24,1,16650.75,192,Customer_295,43,Female,Patna,3,1,1,Average Spenders
CUST6821,2025-06-13,1,274083.6,203,Customer_73,24,Male,Pune,3,1,5,Loyal Customers
CUST6828,2025-03-26,1,127614.42,282,Customer_222,50,Male,Bengaluru,2,1,3,Average Spenders
CUST6845,2026-01-01,2,769479.75,1,Customer_385,57,Female,Mumbai,5,3,5,Champions
CUST6860,2025-08-09,1,30210.72,146,Customer_168,30,Male,Bengaluru,3,1,1,Average Spenders
CUST6862,2025-12-31,1,95386.66,2,Customer_257,45,Female,Patna,5,1,3,Loyal Customers
CUST6870,2025-05-24,1,70818.68,223,Customer_53,51,Female,Hyderabad,2,1,2,Lost / Low-Value
CUST6881,2025-11-19,1,297463.11,44,Customer_158,41,Female,Delhi,5,1,5,Champions
CUST6887,2025-08-30,1,15733.65,125,Customer_423,21,Male,Delhi,4,1,1,New Customers
CUST6921,2025-09-09,1,11206.86,115,Customer_68,62,Female,Patna,4,1,1,New Customers
CUST6927,2025-07-09,1,86462.0,177,Customer_165,23,Male,Gaya,3,1,2,Average Spenders
CUST6932,2025-02-25,1,21090.24,311,Customer_304,31,Male,Kolkata,1,1,1,Lost / Low-Value
CUST6933,2025-03-29,1,125483.1,279,Customer_224,23,Female,Patna,2,1,3,Average Spenders
CUST6938,2025-04-20,1,119662.88,257,Customer_344,43,Female,Kolkata,2,1,3,Average Spenders
CUST6944,2025-11-03,1,34742.76,60,Customer_460,33,Male,Gaya,5,1,1,New Customers
CUST6969,2025-04-16,1,167677.65,261,Customer_83,41,Female,Hyderabad,2,1,4,At Risk
CUST6987,2025-02-22,1,6976.56,314,Customer_107,31,Female,Gaya,1,1,1,Lost / Low-Value
CUST6995,2025-01-14,1,325425.87,353,Customer_374,33,Male,Hyderabad,1,1,5,At Risk
CUST6997,2025-12-06,1,27593.6,27,Customer_244,28,Male,Gaya,5,1,1,New Customers
CUST7016,2025-07-07,1,184654.44,179,Customer_88,33,Female,Pune,3,1,4,Loyal Customers
CUST7026,2025-12-08,2,262752.56,25,Customer_105,36,Female,Bengaluru,5,3,5,Champions
CUST7031,2025-01-17,1,195199.8,350,Customer_224,37,Female,Gaya,1,1,4,At Risk
CUST7033,2025-11-21,1,156203.52,42,Customer_359,33,Male,Gaya,5,1,4,Champions
CUST7037,2025-12-15,1,405004.41,18,Customer_45,34,Male,Mumbai,5,1,5,Champions
CUST7042,2025-06-08,1,70227.96,208,Customer_137,60,Male,Kolkata,3,1,2,Average Spenders
CUST7059,2025-06-08,1,13776.48,208,Customer_224,51,Female,Delhi,3,1,1,Average Spenders
CUST7062,2025-09-18,1,180509.76,106,Customer_92,52,Male,Bengaluru,4,1,4,Champions
CUST7065,2025-04-05,1,241144.8,272,Customer_335,24,Female,Bengaluru,2,1,4,At Risk
CUST7068,2025-12-01,1,292060.48,32,Customer_106,24,Male,Hyderabad,5,1,5,Champions
CUST7072,2025-09-28,1,210619.12,96,Customer_4,62,Female,Gaya,4,1,4,Champions
CUST7082,2025-05-06,1,100658.0,241,Customer_492,21,Female,Bengaluru,2,1,3,Average Spenders
CUST7091,2025-11-25,1,237573.1,38,Customer_1,48,Female,Mumbai,5,1,4,Champions
CUST7093,2025-07-04,1,237005.1,182,Customer_174,23,Male,Mumbai,3,1,4,Loyal Customers
CUST7104,2025-11-08,1,245061.25,55,Customer_498,34,Male,Mumbai,5,1,5,Champions
CUST7110,2025-04-24,1,3953.8,253,Customer_176,60,Male,Hyderabad,2,1,1,Lost / Low-Value
CUST7117,2025-02-22,1,39406.86,314,Customer_6,53,Female,Gaya,1,1,2,Lost / Low-Value
CUST7152,2025-08-31,1,106181.76,124,Customer_423,22,Female,Patna,4,1,3,Loyal Customers
CUST7164,2025-12-15,1,282545.1,18,Customer_251,64,Male,Pune,5,1,5,Champions
CUST7173,2025-11-02,1,47212.5,61,Customer_44,21,Male,Hyderabad,5,1,2,New Customers
CUST7176,2025-04-18,1,54990.9,259,Customer_434,33,Male,Bengaluru,2,1,2,Lost / Low-Value
CUST7177,2025-06-16,1,75415.95,200,Customer_40,21,Male,Hyderabad,3,1,2,Average Spenders
CUST7178,2025-09-17,1,16185.56,107,Customer_478,64,Male,Bengaluru,4,1,1,New Customers
CUST7185,2025-02-15,1,98255.31,321,Customer_285,61,Female,Delhi,1,1,3,Average Spenders
CUST7186,2025-02-27,1,10625.65,309,Customer_150,36,Female,Mumbai,1,1,1,Lost / Low-Value
CUST7187,2025-01-04,1,16633.85,363,Customer_149,38,Male,Patna,1,1,1,Lost / Low-Value
CUST7188,2025-09-26,2,88709.25,98,Customer_180,37,Male,Bengaluru,4,3,3,Loyal Customers
CUST7196,2025-08-26,1,267104.88,129,Customer_286,40,Male,Delhi,4,1,5,Champions
CUST7219,2025-02-03,1,229527.7,333,Customer_391,30,Male,Pune,1,1,4,At Risk
CUST7221,2025-08-04,1,15069.36,151,Customer_478,39,Male,Gaya,3,1,1,Average Spenders
CUST7226,2025-08-08,1,3859.08,147,Customer_421,51,Male,Mumbai,3,1,1,Average Spenders
CUST7228,2025-05-24,1,117472.56,223,Customer_200,21,Female,Bengaluru,2,1,3,Average Spenders
CUST7236,2025-01-18,1,130323.36,349,Customer_366,38,Male,Gaya,1,1,3,Average Spenders
CUST7238,2025-05-13,1,280228.24,234,Customer_335,54,Female,Delhi,2,1,5,At Risk
CUST7249,2025-10-20,1,19176.32,74,Customer_144,29,Male,Kolkata,4,1,1,New Customers
CUST7263,2025-09-20,1,10851.3,104,Customer_120,55,Male,Hyderabad,4,1,1,New Customers
CUST7277,2025-11-12,1,291741.38,51,Customer_320,62,Female,Mumbai,5,1,5,Champions
CUST7283,2025-05-09,1,98418.06,238,Customer_262,34,Male,Mumbai,2,1,3,Average Spenders
CUST7285,2025-03-05,1,9639.44,303,Customer_493,18,Female,Hyderabad,1,1,1,Lost / Low-Value
CUST7309,2025-04-26,1,256457.76,251,Customer_266,52,Female,Delhi,2,1,5,At Risk
CUST7315,2025-05-16,1,53794.02,231,Customer_283,45,Female,Mumbai,2,1,2,Lost / Low-Value
CUST7317,2025-10-12,2,138811.2,82,Customer_304,25,Male,Delhi,4,3,3,Loyal Customers
CUST7341,2025-04-10,1,166562.96,267,Customer_457,49,Female,Hyderabad,2,1,4,At Risk
CUST7361,2025-02-02,1,142398.54,334,Customer_159,20,Male,Hyderabad,1,1,3,Average Spenders
CUST7371,2025-02-24,1,39342.98,312,Customer_463,38,Female,Bengaluru,1,1,2,Lost / Low-Value
CUST7374,2025-02-23,2,511309.4,313,Customer_382,21,Male,Mumbai,1,3,5,At Risk
CUST7388,2025-06-13,1,267400.44,203,Customer_6,48,Male,Hyderabad,3,1,5,Loyal Customers
CUST7405,2025-08-29,1,159668.96,126,Customer_15,57,Male,Mumbai,4,1,4,Champions
CUST7413,2025-10-25,1,82021.25,69,Customer_4,54,Male,Kolkata,4,1,2,New Customers
CUST7416,2025-06-21,1,482551.9,195,Customer_191,54,Female,Hyderabad,3,1,5,Loyal Customers
CUST7445,2025-10-14,1,321222.51,80,Customer_233,60,Female,Bengaluru,4,1,5,Champions
CUST7462,2025-11-02,1,2768.1,61,Customer_379,41,Male,Patna,5,1,1,New Customers
CUST7465,2025-03-07,1,234167.84,301,Customer_345,58,Female,Bengaluru,1,1,4,At Risk
CUST7473,2025-11-30,1,200523.55,33,Customer_372,36,Female,Mumbai,5,1,4,Champions
CUST7476,2025-10-29,1,118002.51,65,Customer_45,21,Female,Hyderabad,5,1,3,Loyal Customers
CUST7484,2025-10-24,1,223452.45,70,Customer_478,36,Male,Gaya,4,1,4,Champions
CUST7491,2025-12-29,1,107697.64,4,Customer_139,46,Female,Bengaluru,5,1,3,Loyal Customers
CUST7494,2025-06-18,1,107028.9,198,Customer_188,30,Female,Mumbai,3,1,3,Loyal Customers
CUST7501,2025-11-26,1,51679.6,37,Customer_2,40,Female,Gaya,5,1,2,New Customers
CUST7504,2025-12-14,1,106265.28,19,Customer_183,52,Male,Pune,5,1,3,Loyal Customers
CUST7522,2025-02-27,1,2070.65,309,Customer_322,53,Female,Kolkata,1,1,1,Lost / Low-Value
CUST7544,2025-04-16,1,350933.9,261,Customer_225,26,Male,Mumbai,2,1,5,At Risk
CUST7564,2025-12-23,1,176483.04,10,Customer_478,20,Female,Patna,5,1,4,Champions
CUST7568,2025-12-10,2,72887.06,23,Customer_212,37,Female,Pune,5,3,2,Loyal Customers
CUST7574,2025-09-08,1,38214.2,116,Customer_66,43,Female,Delhi,4,1,2,New Customers
CUST7578,2025-12-20,1,60346.48,13,Customer_245,38,Female,Delhi,5,1,2,New Customers
CUST7587,2025-12-04,1,408776.58,29,Customer_223,27,Male,Pune,5,1,5,Champions
CUST7588,2025-10-05,1,27898.64,89,Customer_67,47,Male,Pune,4,1,1,New Customers
CUST7600,2025-10-10,1,42736.43,84,Customer_208,23,Male,Pune,4,1,2,New Customers
CUST7609,2025-11-19,1,154958.15,44,Customer_327,41,Female,Pune,5,1,4,Champions
CUST7613,2025-12-06,1,394778.24,27,Customer_432,22,Male,Mumbai,5,1,5,Champions
CUST7615,2025-09-14,1,163012.74,110,Customer_277,37,Male,Patna,4,1,4,Champions
CUST7618,2025-09-03,1,92273.25,121,Customer_154,25,Male,Gaya,4,1,3,Loyal Customers
CUST7621,2025-12-30,1,44751.42,3,Customer_375,61,Female,Gaya,5,1,2,New Customers
CUST7625,2025-03-23,1,17409.33,285,Customer_251,50,Female,Patna,2,1,1,Lost / Low-Value
CUST7628,2025-03-25,1,160299.54,283,Customer_120,56,Male,Bengaluru,2,1,4,At Risk
CUST7631,2025-11-11,1,107745.36,52,Customer_115,62,Female,Gaya,5,1,3,Loyal Customers
CUST7650,2025-01-18,1,347736.0,349,Customer_453,50,Male,Kolkata,1,1,5,At Risk
CUST7654,2025-07-16,1,67132.4,170,Customer_172,42,Male,Delhi,3,1,2,Average Spenders
CUST7659,2025-04-10,1,49067.82,267,Customer_445,20,Male,Patna,2,1,2,Lost / Low-Value
CUST7664,2025-04-25,1,216126.48,252,Customer_376,43,Female,Delhi,2,1,4,At Risk
CUST7676,2025-08-03,1,405225.6,152,Customer_42,39,Female,Bengaluru,3,1,5,Loyal Customers
CUST7718,2025-08-12,1,374935.6,143,Customer_293,26,Male,Delhi,4,1,5,Champions
CUST7724,2025-12-23,1,100442.24,10,Customer_365,38,Male,Kolkata,5,1,3,Loyal Customers
CUST7757,2025-07-21,1,219795.57,165,Customer_494,58,Male,Mumbai,3,1,4,Loyal Customers
CUST7787,2025-06-25,1,286879.52,191,Customer_139,40,Male,Pune,3,1,5,Loyal Customers
CUST7801,2025-09-10,1,43373.54,114,Customer_150,41,Male,Pune,4,1,2,New Customers
CUST7806,2025-10-23,1,81537.0,71,Customer_4,64,Female,Hyderabad,4,1,2,New Customers
CUST7814,2025-07-21,1,331893.24,165,Customer_134,20,Female,Bengaluru,3,1,5,Loyal Customers
CUST7824,2025-11-06,2,185204.61,57,Customer_190,31,Female,Mumbai,5,3,4,Champions
CUST7844,2025-05-04,1,134060.64,243,Customer_469,53,Male,Patna,2,1,3,Average Spenders
CUST7863,2025-12-22,1,202154.0,11,Customer_316,37,Female,Gaya,5,1,4,Champions
CUST7876,2025-05-22,1,402956.64,225,Customer_34,57,Male,Bengaluru,2,1,5,At Risk
CUST7903,2025-06-02,1,101295.36,214,Customer_163,60,Female,Bengaluru,3,1,3,Loyal Customers
CUST7911,2025-03-07,1,142731.2,301,Customer_7,59,Male,Delhi,1,1,3,Average Spenders
CUST7933,2025-11-13,1,91236.0,50,Customer_232,50,Male,Bengaluru,5,1,3,Loyal Customers
CUST7937,2025-11-29,1,223776.99,34,Customer_158,43,Female,Mumbai,5,1,4,Champions
CUST7944,2025-07-01,1,171571.86,185,Customer_282,41,Male,Unknown,3,1,4,Loyal Customers
CUST7981,2025-10-09,1,1495.14,85,Customer_196,46,Male,Mumbai,4,1,1,New Customers
CUST7988,2025-04-21,1,3992.85,256,Customer_383,39,Female,Mumbai,2,1,1,Lost / Low-Value
CUST8000,2025-04-07,1,150898.88,270,Customer_275,51,Male,Kolkata,2,1,4,At Risk
CUST8010,2026-01-01,1,141200.44,1,Customer_187,41,Female,Hyderabad,5,1,3,Loyal Customers
CUST8017,2025-10-11,1,196003.1,83,Customer_371,37,Male,Patna,4,1,4,Champions
CUST8023,2025-10-24,1,101845.28,70,Customer_118,50,Female,Mumbai,4,1,3,Loyal Customers
CUST8036,2025-09-14,1,22254.12,110,Customer_173,44,Male,Patna,4,1,1,New Customers
CUST8039,2025-05-27,1,170899.98,220,Customer_391,55,Female,Kolkata,2,1,4,At Risk
CUST8049,2025-08-25,1,130165.29,130,Customer_384,37,Female,Delhi,4,1,3,Loyal Customers
CUST8053,2025-10-26,2,461478.98,68,Customer_159,53,Female,Mumbai,5,3,5,Champions
CUST8058,2025-01-11,1,146255.58,356,Customer_273,60,Female,Pune,1,1,4,At Risk
CUST8065,2025-07-25,1,89054.9,161,Customer_92,53,Male,Kolkata,3,1,3,Loyal Customers
CUST8067,2025-05-02,1,261456.84,245,Customer_283,47,Female,Patna,2,1,5,At Risk
CUST8075,2025-02-08,1,38212.75,328,Customer_401,62,Female,Patna,1,1,1,Lost / Low-Value
CUST8098,2025-03-09,1,107775.6,299,Customer_337,26,Female,Patna,1,1,3,Average Spenders
CUST8105,2025-01-11,1,107665.89,356,Customer_385,52,Male,Delhi,1,1,3,Average Spenders
CUST8110,2025-12-01,1,103074.8,32,Customer_268,54,Male,Delhi,5,1,3,Loyal Customers
CUST8124,2025-07-14,1,87386.72,172,Customer_344,33,Female,Pune,3,1,2,Average Spenders
CUST8128,2025-11-23,1,17070.85,40,Customer_101,48,Male,Kolkata,5,1,1,New Customers
CUST8154,2025-10-28,1,425608.74,66,Customer_224,47,Female,Pune,5,1,5,Champions
CUST8164,2025-06-30,1,309378.72,186,Customer_156,34,Female,Delhi,3,1,5,Loyal Customers
CUST8195,2025-08-02,1,3727.43,153,Customer_388,52,Female,Patna,3,1,1,Average Spenders
CUST8199,2025-03-30,1,10864.96,278,Customer_39,64,Female,Gaya,2,1,1,Lost / Low-Value
CUST8200,2025-03-27,1,97801.84,281,Customer_147,22,Female,Patna,2,1,3,Average Spenders
CUST8211,2025-03-05,1,411726.33,303,Customer_62,19,Female,Gaya,1,1,5,At Risk
CUST8217,2025-11-06,1,68529.18,57,Customer_83,43,Female,Delhi,5,1,2,New Customers
CUST8225,2025-11-22,1,311660.72,41,Customer_468,64,Male,Bengaluru,5,1,5,Champions
CUST8229,2025-04-21,1,129289.55,256,Customer_161,32,Male,Pune,2,1,3,Average Spenders
CUST8242,2025-11-07,1,235460.7,56,Customer_492,51,Male,Mumbai,5,1,4,Champions
CUST8268,2025-10-11,1,115132.52,83,Customer_18,47,Female,Kolkata,4,1,3,Loyal Customers
CUST8269,2025-12-13,1,93549.04,20,Customer_104,34,Female,Bengaluru,5,1,3,Loyal Customers
CUST8294,2025-07-04,1,199506.68,182,Customer_103,30,Female,Hyderabad,3,1,4,Loyal Customers
CUST8298,2025-03-10,1,429431.7,298,Customer_489,45,Female,Delhi,1,1,5,At Risk
CUST8300,2025-09-17,1,14491.62,107,Customer_242,44,Female,Hyderabad,4,1,1,New Customers
CUST8311,2025-06-25,1,45048.9,191,Customer_225,32,Male,Bengaluru,3,1,2,Average Spenders
CUST8314,2025-03-07,1,73387.62,301,Customer_440,28,Female,Gaya,1,1,2,Lost / Low-Value
CUST8316,2025-02-13,1,369482.04,323,Customer_121,63,Female,Hyderabad,1,1,5,At Risk
CUST8318,2025-09-25,1,6050.27,99,Customer_189,29,Female,Kolkata,4,1,1,New Customers
CUST8319,2025-02-27,1,99371.28,309,Customer_362,44,Male,Delhi,1,1,3,Average Spenders
CUST8322,2025-06-24,1,242974.8,192,Customer_429,28,Male,Hyderabad,3,1,5,Loyal Customers
CUST8325,2025-03-19,1,324318.12,289,Customer_16,62,Female,Bengaluru,1,1,5,At Risk
CUST8338,2025-07-06,1,188413.61,180,Customer_90,38,Male,Pune,3,1,4,Loyal Customers
CUST8346,2025-01-06,1,439609.5,361,Customer_384,30,Male,Hyderabad,1,1,5,At Risk
CUST8347,2025-08-01,1,12255.87,154,Customer_236,55,Male,Hyderabad,3,1,1,Average Spenders
CUST8352,2025-03-04,1,210254.64,304,Customer_400,44,Male,Gaya,1,1,4,At Risk
CUST8364,2025-07-07,1,85364.44,179,Customer_325,21,Male,Hyderabad,3,1,2,Average Spenders
CUST8366,2025-03-25,1,299029.7,283,Customer_355,65,Female,Bengaluru,2,1,5,At Risk
CUST8381,2025-05-17,1,473144.2,230,Customer_112,40,Male,Kolkata,2,1,5,At Risk
CUST8387,2025-12-08,1,154238.45,25,Customer_133,48,Female,Bengaluru,5,1,4,Champions
CUST8390,2025-02-22,1,285282.83,314,Customer_297,47,Female,Mumbai,1,1,5,At Risk
CUST8399,2025-09-24,1,97826.15,100,Customer_160,40,Male,Mumbai,4,1,3,Loyal Customers
CUST8408,2025-07-07,1,122496.24,179,Customer_249,51,Female,Delhi,3,1,3,Loyal Customers
CUST8425,2025-05-29,1,100147.38,218,Customer_254,47,Male,Delhi,2,1,3,Average Spenders
CUST8430,2025-12-30,1,17766.9,3,Customer_277,45,Male,Gaya,5,1,1,New Customers
CUST8431,2025-08-13,1,220973.34,142,Customer_90,28,Male,Delhi,4,1,4,Champions
CUST8453,2025-01-09,1,101689.05,358,Customer_68,53,Female,Patna,1,1,3,Average Spenders
CUST8455,2025-05-26,1,95992.04,221,Customer_468,37,Female,Bengaluru,2,1,3,Average Spenders
CUST8466,2025-08-22,1,47743.08,133,Customer_66,43,Male,Hyderabad,4,1,2,New Customers
CUST8467,2025-03-01,1,8582.49,307,Customer_104,23,Male,Bengaluru,1,1,1,Lost / Low-Value
CUST8502,2025-11-20,1,14756.18,43,Customer_220,47,Male,Unknown,5,1,1,New Customers
CUST8513,2025-12-17,1,228955.74,16,Customer_125,49,Female,Pune,5,1,4,Champions
CUST8515,2025-07-24,1,236398.82,162,Customer_445,22,Male,Mumbai,3,1,4,Loyal Customers
CUST8525,2025-04-20,1,85329.0,257,Customer_126,40,Female,Gaya,2,1,2,Lost / Low-Value
CUST8532,2025-05-05,1,69756.24,242,Customer_323,43,Female,Delhi,2,1,2,Lost / Low-Value
CUST8537,2025-01-21,1,39400.4,346,Customer_494,50,Female,Hyderabad,1,1,2,Lost / Low-Value
CUST8575,2025-03-28,1,38929.37,280,Customer_481,21,Male,Patna,2,1,2,Lost / Low-Value
CUST8578,2025-12-24,1,6910.12,9,Customer_154,48,Male,Kolkata,5,1,1,New Customers
CUST8583,2025-12-21,1,35903.14,12,Customer_290,37,Female,Delhi,5,1,1,New Customers
CUST8595,2025-12-19,1,18229.0,14,Customer_63,44,Female,Mumbai,5,1,1,New Customers
CUST8600,2025-03-20,1,10884.12,288,Customer_53,42,Male,Hyderabad,2,1,1,Lost / Low-Value
CUST8623,2025-01-22,1,407455.5,345,Customer_84,32,Male,Hyderabad,1,1,5,At Risk
CUST8649,2025-11-26,1,420808.14,37,Customer_160,30,Male,Gaya,5,1,5,Champions
CUST8650,2025-02-20,1,78828.6,316,Customer_384,23,Male,Gaya,1,1,2,Lost / Low-Value
CUST8657,2025-11-28,1,444016.4,35,Customer_495,58,Female,Delhi,5,1,5,Champions
CUST8660,2025-03-12,1,203722.48,296,Customer_213,42,Female,Patna,1,1,4,At Risk
CUST8686,2025-10-28,1,175530.12,66,Customer_404,56,Female,Patna,5,1,4,Champions
CUST8691,2025-08-24,1,82110.87,131,Customer_252,27,Male,Patna,4,1,2,New Customers
CUST8700,2025-07-16,1,125182.65,170,Customer_233,35,Female,Mumbai,3,1,3,Loyal Customers
CUST8704,2025-11-05,1,107664.42,58,Customer_440,20,Female,Kolkata,5,1,3,Loyal Customers
CUST8708,2025-04-18,2,458065.57000000007,259,Customer_462,51,Female,Pune,2,3,5,At Risk
CUST8722,2025-01-11,1,196134.84,356,Customer_475,21,Male,Mumbai,1,1,4,At Risk
CUST8729,2025-12-07,1,163132.56,26,Customer_72,48,Male,Kolkata,5,1,4,Champions
CUST8754,2025-12-09,1,173173.12,24,Customer_77,28,Male,Kolkata,5,1,4,Champions
CUST8759,2025-02-28,1,22534.47,308,Customer_20,64,Female,Hyderabad,1,1,1,Lost / Low-Value
CUST8766,2025-05-12,1,235105.5,235,Customer_140,47,Female,Hyderabad,2,1,4,At Risk
CUST8789,2025-12-07,1,26647.6,26,Customer_4,52,Female,Delhi,5,1,1,New Customers
CUST8811,2025-12-12,1,44708.5,21,Customer_115,50,Female,Bengaluru,5,1,2,New Customers
CUST8813,2025-09-05,1,350597.34,119,Customer_83,54,Male,Bengaluru,4,1,5,Champions
CUST8820,2025-05-16,1,294353.64,231,Customer_339,39,Female,Kolkata,2,1,5,At Risk
CUST8826,2025-01-13,1,154420.0,354,Customer_206,20,Female,Gaya,1,1,4,At Risk
CUST8834,2025-07-05,1,73262.46,181,Customer_413,61,Female,Mumbai,3,1,2,Average Spenders
CUST8841,2025-01-30,1,174065.2,337,Customer_407,36,Female,Patna,1,1,4,At Risk
CUST8849,2025-02-11,1,181093.04,325,Customer_380,19,Female,Patna,1,1,4,At Risk
CUST8851,2025-09-30,1,3753.78,94,Customer_118,64,Male,Kolkata,4,1,1,New Customers
CUST8859,2025-02-21,1,141013.88,315,Customer_53,41,Male,Unknown,1,1,3,Average Spenders
CUST8871,2025-08-11,1,113857.04,144,Customer_345,43,Female,Kolkata,3,1,3,Loyal Customers
CUST8877,2025-01-06,1,60403.62,361,Customer_105,23,Female,Kolkata,1,1,2,Lost / Low-Value
CUST8887,2025-05-13,1,299928.48,234,Customer_487,62,Female,Bengaluru,2,1,5,At Risk
CUST8899,2025-04-15,1,153670.14,262,Customer_482,30,Male,Delhi,2,1,4,At Risk
CUST8904,2025-10-16,1,63886.38,78,Customer_152,28,Female,Kolkata,4,1,2,New Customers
CUST8907,2025-10-23,1,288940.95,71,Customer_51,47,Male,Hyderabad,4,1,5,Champions
CUST8908,2025-03-18,1,2344.98,290,Customer_190,65,Male,Pune,1,1,1,Lost / Low-Value
CUST8947,2025-12-19,1,146639.61,14,Customer_375,65,Female,Patna,5,1,4,Champions
CUST8962,2025-07-31,1,254006.73,155,Customer_440,30,Female,Kolkata,3,1,5,Loyal Customers
CUST8975,2025-03-08,1,191586.8,300,Customer_315,36,Female,Gaya,1,1,4,At Risk
CUST8996,2025-03-07,1,126134.07,301,Customer_165,59,Male,Hyderabad,1,1,3,Average Spenders
CUST9008,2025-10-20,1,125266.25,74,Customer_279,54,Female,Hyderabad,4,1,3,Loyal Customers
CUST9009,2025-12-10,1,76855.26,23,Customer_424,43,Male,Mumbai,5,1,2,New Customers
CUST9017,2025-08-15,1,109163.28,140,Customer_51,26,Female,Delhi,4,1,3,Loyal Customers
CUST9022,2025-06-04,1,91224.84,212,Customer_131,49,Female,Mumbai,3,1,3,Loyal Customers
CUST9027,2025-05-07,1,25767.92,240,Customer_153,43,Female,Mumbai,2,1,1,Lost / Low-Value
CUST9042,2025-11-09,1,64916.12,54,Customer_354,31,Female,Hyderabad,5,1,2,New Customers
CUST9047,2025-04-02,1,325228.19,275,Customer_363,42,Male,Patna,2,1,5,At Risk
CUST9055,2025-07-05,1,47870.04,181,Customer_359,62,Male,Gaya,3,1,2,Average Spenders
CUST9059,2025-04-27,1,150907.5,250,Customer_288,33,Male,Delhi,2,1,4,At Risk
CUST9081,2025-08-03,2,386309.13,152,Customer_448,24,Male,Hyderabad,3,3,5,Loyal Customers
CUST9089,2025-12-16,2,469247.1,17,Customer_177,24,Male,Patna,5,3,5,Champions
CUST9092,2025-07-30,1,37930.19,156,Customer_97,64,Male,Mumbai,3,1,1,Average Spenders
CUST9097,2025-08-28,1,64336.72,127,Customer_384,26,Male,Hyderabad,4,1,2,New Customers
CUST9104,2025-12-19,1,91718.44,14,Customer_443,37,Male,Bengaluru,5,1,3,Loyal Customers
CUST9111,2025-04-02,1,153103.75,275,Customer_235,61,Female,Kolkata,2,1,4,At Risk
CUST9113,2025-08-04,1,191143.08,151,Customer_175,61,Male,Hyderabad,3,1,4,Loyal Customers
CUST9123,2025-10-21,1,270574.5,73,Customer_395,27,Female,Mumbai,4,1,5,Champions
CUST9125,2025-08-10,1,47927.36,145,Customer_19,21,Female,Mumbai,3,1,2,Average Spenders
CUST9131,2025-04-28,1,372913.47,249,Customer_249,38,Female,Delhi,2,1,5,At Risk
CUST9132,2025-01-15,1,310471.04,352,Customer_210,21,Female,Pune,1,1,5,At Risk
CUST9158,2025-04-11,1,22073.28,266,Customer_297,61,Male,Gaya,2,1,1,Lost / Low-Value
CUST9159,2025-04-05,1,208852.56,272,Customer_12,40,Female,Kolkata,2,1,4,At Risk
CUST9175,2025-08-11,1,212252.94,144,Customer_441,36,Male,Mumbai,3,1,4,Loyal Customers
CUST9181,2025-06-18,1,2892.4,198,Customer_122,24,Female,Patna,3,1,1,Average Spenders
CUST9191,2025-02-23,1,153373.8,313,Customer_323,38,Male,Hyderabad,1,1,4,At Risk
CUST9203,2025-06-08,1,27936.6,208,Customer_70,33,Male,Delhi,3,1,1,Average Spenders
CUST9209,2025-10-24,2,280214.68000000005,70,Customer_233,21,Female,Mumbai,4,3,5,Champions
CUST9217,2025-05-06,1,22073.4,241,Customer_448,39,Female,Delhi,2,1,1,Lost / Low-Value
CUST9219,2025-02-02,1,131685.75,334,Customer_132,30,Female,Gaya,1,1,3,Average Spenders
CUST9233,2025-05-04,1,363317.5,243,Customer_485,35,Male,Hyderabad,2,1,5,At Risk
CUST9248,2025-04-06,1,106419.88,271,Customer_451,51,Male,Mumbai,2,1,3,Average Spenders
CUST9253,2025-10-29,1,215803.3,65,Customer_371,50,Female,Pune,5,1,4,Champions
CUST9259,2025-08-22,1,70840.92,133,Customer_276,30,Male,Hyderabad,4,1,2,New Customers
CUST9273,2025-03-08,1,143245.35,300,Customer_162,32,Female,Hyderabad,1,1,3,Average Spenders
CUST9282,2025-04-21,1,70625.7,256,Customer_322,58,Female,Mumbai,2,1,2,Lost / Low-Value
CUST9284,2025-04-16,1,19210.3,261,Customer_212,44,Female,Kolkata,2,1,1,Lost / Low-Value
CUST9285,2025-12-09,1,223298.32,24,Customer_452,49,Female,Gaya,5,1,4,Champions
CUST9287,2025-09-28,2,163555.53999999998,96,Customer_420,30,Male,Pune,4,3,4,Champions
CUST9292,2025-10-25,1,128637.6,69,Customer_89,33,Male,Bengaluru,4,1,3,Loyal Customers
CUST9297,2025-06-03,1,203724.09,213,Customer_488,27,Female,Kolkata,3,1,4,Loyal Customers
CUST9299,2025-06-10,1,215004.9,206,Customer_13,62,Female,Delhi,3,1,4,Loyal Customers
CUST9303,2025-08-25,1,376981.83,130,Customer_321,44,Female,Kolkata,4,1,5,Champions
CUST9304,2025-03-27,1,64664.54,281,Customer_216,38,Female,Bengaluru,2,1,2,Lost / Low-Value
CUST9307,2025-08-30,2,390387.42,125,Customer_313,36,Female,Delhi,4,3,5,Champions
CUST9319,2025-02-08,1,36805.55,328,Customer_434,54,Female,Pune,1,1,1,Lost / Low-Value
CUST9324,2025-09-06,1,12494.97,118,Customer_58,61,Female,Hyderabad,4,1,1,New Customers
CUST9325,2025-12-04,1,87780.4,29,Customer_352,44,Female,Mumbai,5,1,3,Loyal Customers
CUST9339,2025-01-04,1,245737.05,363,Customer_127,55,Male,Patna,1,1,5,At Risk
CUST9351,2025-06-12,1,398903.76,204,Customer_352,36,Male,Pune,3,1,5,Loyal Customers
CUST9354,2025-03-27,1,42782.38,281,Customer_241,46,Female,Patna,2,1,2,Lost / Low-Value
CUST9364,2025-03-21,1,99559.14,287,Customer_352,62,Female,Gaya,2,1,3,Average Spenders
CUST9379,2025-03-22,1,9009.36,286,Customer_263,38,Female,Kolkata,2,1,1,Lost / Low-Value
CUST9381,2025-06-16,2,441863.7,200,Customer_10,52,Male,Patna,3,3,5,Loyal Customers
CUST9384,2025-10-19,1,20626.25,75,Customer_230,28,Female,Mumbai,4,1,1,New Customers
CUST9404,2025-06-27,1,70861.06,189,Customer_463,19,Female,Gaya,3,1,2,Average Spenders
CUST9414,2025-12-17,1,77138.4,16,Customer_359,61,Female,Hyderabad,5,1,2,New Customers
CUST9421,2025-11-20,2,115788.23999999999,43,Customer_213,58,Male,Patna,5,3,3,Loyal Customers
CUST9449,2025-08-06,1,23934.94,149,Customer_178,49,Female,Mumbai,3,1,1,Average Spenders
CUST9450,2025-06-08,1,112729.05,208,Customer_230,18,Male,Bengaluru,3,1,3,Loyal Customers
CUST9458,2025-05-09,2,56158.259999999995,238,Customer_25,22,Male,Delhi,2,3,2,Lost / Low-Value
CUST9464,2025-12-25,1,45338.4,8,Customer_357,39,Male,Gaya,5,1,2,New Customers
CUST9465,2025-04-22,2,184323.94,255,Customer_274,57,Male,Gaya,2,3,4,At Risk
CUST9469,2025-06-17,2,232888.33,199,Customer_426,18,Female,Kolkata,3,3,4,Loyal Customers
CUST9485,2025-06-15,1,85037.6,201,Customer_43,57,Male,Mumbai,3,1,2,Average Spenders
CUST9486,2025-04-18,1,432103.32,259,Customer_19,29,Male,Hyderabad,2,1,5,At Risk
CUST9488,2025-03-13,1,58079.12,295,Customer_147,37,Male,Pune,1,1,2,Lost / Low-Value
CUST9489,2025-06-27,1,29313.46,189,Customer_385,61,Male,Delhi,3,1,1,Average Spenders
CUST9493,2025-06-11,1,127543.5,205,Customer_34,35,Male,Gaya,3,1,3,Loyal Customers
CUST9501,2025-02-21,1,25911.09,315,Customer_241,41,Male,Delhi,1,1,1,Lost / Low-Value
CUST9510,2025-05-10,2,867333.24,237,Customer_15,63,Female,Delhi,2,3,5,At Risk
CUST9514,2025-06-20,1,46255.26,196,Customer_180,28,Female,Patna,3,1,2,Average Spenders
CUST9515,2025-05-08,1,133044.7,239,Customer_52,29,Female,Kolkata,2,1,3,Average Spenders
CUST9518,2025-11-13,1,123894.12,50,Customer_192,22,Male,Pune,5,1,3,Loyal Customers
CUST9543,2025-02-17,1,91618.18,319,Customer_448,45,Female,Bengaluru,1,1,3,Average Spenders
CUST9544,2025-09-30,1,116744.31,94,Customer_140,62,Female,Hyderabad,4,1,3,Loyal Customers
CUST9551,2025-03-13,1,474935.9,295,Customer_230,18,Male,Bengaluru,1,1,5,At Risk
CUST9552,2025-08-09,1,7745.85,146,Customer_340,30,Male,Patna,3,1,1,Average Spenders
CUST9557,2025-01-28,1,137155.95,339,Customer_475,47,Male,Mumbai,1,1,3,Average Spenders
CUST9562,2025-02-23,1,129925.28,313,Customer_162,39,Male,Mumbai,1,1,3,Average Spenders
CUST9563,2025-05-19,1,35133.76,228,Customer_166,24,Male,Gaya,2,1,1,Lost / Low-Value
CUST9565,2025-10-22,1,174333.28,72,Customer_350,21,Female,Mumbai,4,1,4,Champions
CUST9567,2025-06-13,1,33193.9,203,Customer_218,38,Male,Delhi,3,1,1,Average Spenders
CUST9577,2025-03-21,1,145301.46,287,Customer_302,46,Male,Mumbai,2,1,4,At Risk
CUST9612,2025-10-22,1,66134.2,72,Customer_463,21,Male,Kolkata,4,1,2,New Customers
CUST9614,2025-09-13,1,84656.2,111,Customer_235,23,Male,Bengaluru,4,1,2,New Customers
CUST9619,2025-01-22,1,3839.04,345,Customer_491,30,Male,Pune,1,1,1,Lost / Low-Value
CUST9622,2025-12-05,1,28466.49,28,Customer_224,35,Male,Kolkata,5,1,1,New Customers
CUST9627,2025-03-30,1,139501.8,278,Customer_444,47,Male,Gaya,2,1,3,Average Spenders
CUST9628,2025-01-08,1,72852.1,359,Customer_422,27,Male,Bengaluru,1,1,2,Lost / Low-Value
CUST9642,2025-05-05,1,42454.26,242,Customer_162,51,Male,Delhi,2,1,2,Lost / Low-Value
CUST9645,2025-09-11,2,131738.91999999998,113,Customer_238,29,Male,Pune,4,3,3,Loyal Customers
CUST9649,2025-04-03,1,334585.35,274,Customer_322,58,Male,Gaya,2,1,5,At Risk
CUST9650,2025-09-19,1,17299.04,105,Customer_361,33,Female,Hyderabad,4,1,1,New Customers
CUST9651,2025-11-19,1,242701.7,44,Customer_461,60,Female,Delhi,5,1,5,Champions
CUST9674,2025-05-20,1,106274.97,227,Customer_232,41,Female,Mumbai,2,1,3,Average Spenders
CUST9693,2025-04-12,2,511421.86,265,Customer_343,48,Male,Patna,2,3,5,At Risk
CUST9700,2025-09-04,1,40148.6,120,Customer_441,25,Female,Kolkata,4,1,2,New Customers
CUST9709,2025-07-11,1,378037.6,175,Customer_409,41,Male,Pune,3,1,5,Loyal Customers
CUST9718,2025-07-13,1,91726.26,173,Customer_11,57,Female,Unknown,3,1,3,Loyal Customers
CUST9724,2025-04-30,1,156221.6,247,Customer_220,35,Male,Pune,2,1,4,At Risk
CUST9728,2025-08-30,1,185424.32,125,Customer_338,45,Male,Gaya,4,1,4,Champions
CUST9745,2025-07-06,1,29263.26,180,Customer_48,27,Male,Mumbai,3,1,1,Average Spenders
CUST9754,2025-02-14,1,203569.62,322,Customer_304,19,Male,Delhi,1,1,4,At Risk
CUST9770,2025-11-21,1,116929.38,42,Customer_494,41,Female,Mumbai,5,1,3,Loyal Customers
CUST9776,2025-02-28,1,34541.88,308,Customer_345,54,Female,Delhi,1,1,1,Lost / Low-Value
CUST9788,2025-11-12,1,138165.76,51,Customer_229,64,Male,Hyderabad,5,1,3,Loyal Customers
CUST9804,2025-08-22,1,226417.1,133,Customer_284,32,Male,Patna,4,1,4,Champions
CUST9812,2025-06-21,1,28196.26,195,Customer_333,20,Female,Pune,3,1,1,Average Spenders
CUST9817,2025-10-15,1,66300.43,79,Customer_388,45,Male,Patna,4,1,2,New Customers
CUST9840,2025-01-10,1,163236.96,357,Customer_347,38,Female,Bengaluru,1,1,4,At Risk
CUST9846,2025-04-14,1,64707.84,263,Customer_298,58,Female,Patna,2,1,2,Lost / Low-Value
CUST9849,2025-09-21,1,192594.75,103,Customer_264,53,Female,Delhi,4,1,4,Champions
CUST9869,2025-06-24,1,206413.15,192,Customer_394,40,Female,Hyderabad,3,1,4,Loyal Customers
CUST9871,2025-12-16,1,34690.3,17,Customer_187,27,Female,Pune,5,1,1,New Customers
CUST9875,2025-04-04,1,120557.08,273,Customer_6,49,Male,Bengaluru,2,1,3,Average Spenders
CUST9882,2025-09-04,1,33198.0,120,Customer_103,28,Female,Kolkata,4,1,1,New Customers
CUST9900,2025-06-12,1,97972.96,204,Customer_496,26,Male,Bengaluru,3,1,3,Loyal Customers
CUST9910,2025-10-17,1,90068.24,77,Customer_110,18,Male,Hyderabad,4,1,3,Loyal Customers
CUST9927,2025-08-11,1,35804.49,144,Customer_357,37,Female,Bengaluru,3,1,1,Average Spenders
CUST9942,2025-10-01,2,315539.87,93,Customer_227,47,Male,Delhi,4,3,5,Champions
CUST9945,2025-03-27,1,3375.35,281,Customer_495,24,Male,Hyderabad,2,1,1,Lost / Low-Value
CUST9952,2025-05-09,1,198199.5,238,Customer_453,30,Female,Bengaluru,2,1,4,At Risk
CUST9953,2025-05-31,1,221829.7,216,Customer_484,50,Female,Hyderabad,2,1,4,At Risk
CUST9957,2025-12-31,1,99838.56,2,Customer_116,29,Female,Pune,5,1,3,Loyal Customers
CUST9962,2025-09-03,1,181783.2,121,Customer_161,45,Male,Mumbai,4,1,4,Champions
CUST9966,2025-11-06,2,399939.3,57,Customer_199,44,Male,Kolkata,5,3,5,Champions
CUST9994,2025-01-11,1,261678.42,356,Customer_13,49,Male,Delhi,1,1,5,At Risk
